22.7682407810039,42.6700939658015,Църква Св. Николай Чудотворец
22.8013010292477,42.8270478640756,Църква Св.Николай Мириклийски Чудотворец
23.293763756209,42.7363980855733,"Медицински център ""Св.Николай Чудотворец"""
23.3950760234466,41.522892160406,"Храм ""Свети Николай Чудотворец"""
23.4453706300793,42.9280320588176,"Батулийски манастир ""Св Николай Чудотворец"""
23.6024179708048,42.6692279744149,Св. Николай Чудотворец
27.9233938086593,43.2178709994272,"Очна клиника ""Св.Николай Чудотворец"""
37.909789381241,55.9707012843422,Николай Чудотворец
158.646167298738,53.0213321717594,Святитель Николай Чудотворец
