22.8803737581645,43.9883812863593,Свети Николай Чудотворец
23.184371855268,42.8307656319457,Св.Николай Мираклийски Чудотворец
23.2388274779183,42.6771605337225,Св. Николай Мирликийски Чудотворец
23.291259222723,42.7396386474383,храм Св. Николай Мирликийски Чудотворец
23.3228773787159,42.6959310528998,Храм “Св. Николай Мирликийски Чудотворец”
23.3290200200916,42.6956626253409,Св. Николай Чудотворец
23.4275877273842,42.5601446515814,Свети Николай Чудотворец
23.571648135637,42.7663039266773,Св. Николай Чудотворец
24.8068003196412,42.6366267625299,Св. Николай Чудотворец
26.5090523513234,42.4854906864731,Св. Николай Чудотворец
27.523482827116,42.5605374123528,Храм Св. Николай Чудотворец
28.1644573652704,43.4147344225005,Храм „Свети Николай Чудотворец“
40.1354317146623,44.5699876377898,Николай Чудотворец
