6.23490787690469,51.4960703806768,St.-Nikolaus-Straße
6.23345961300363,51.4953303024326,St.-Nikolaus-Straße
6.46216709107932,50.7906484961847,An St. Nikolaus
6.46891541515668,51.4645227062995,Sankt Nikolausweg
6.47050705017709,51.4650261643184,Sankt Nikolausweg
6.49378212969404,50.6510872610226,St.-Nikolaus-Straße
6.49507130195828,50.650022098045,St.-Nikolaus-Straße
6.49748408697989,50.6496690129176,St.-Nikolaus-Straße
6.49925799017145,50.6501501968326,St.-Nikolaus-Straße
6.62131172849865,50.7018742749994,St.-Nikolaus-Straße
6.62302319877796,50.7011786110328,Sankt-Nikolaus-Straße
6.62420430371352,51.2655950815959,Sankt-Nikolaus-Straße
6.63654311329854,51.0762927020956,An St. Nikolaus
6.68868609345984,51.5244551896587,St.-Nikolaus-Straße
6.83362872556336,49.1640599980612,St. Nikolauser Straße
6.83792833200774,49.1607851116009,St. Nikolauser Straße
6.83506028080013,49.1603301936496,St. Nikolauser Straße
6.8411690043952,49.1596572081907,St. Nikolauser Straße
6.9205776500601,49.6048191846127,Sankt-Nikolaus-Straße
7.00540816745383,51.2243128169816,St.-Nikolaus-Siedlung
7.00527297100357,51.2236395035617,St.-Nikolaus-Siedlung
7.00628950457908,51.2244791747375,St.-Nikolaus-Siedlung
7.29615877877405,50.5143031003795,St. Nikolausstraße
7.4471303640754,50.2613171811821,St.-Nikolaus-Straße
7.4463674249046,50.2616317140645,St.-Nikolaus-Straße
7.51769698223024,50.4161626027897,St. Nikolausstraße
7.72400892128367,48.0093571954644,St. Nikolauser Straße
7.7230323627383,48.0148025790649,St. Nikolauser Straße
7.72344756406262,48.0135602868161,St. Nikolauser Straße
7.72344325214926,48.0120590761428,St. Nikolauser Straße
7.72370061947816,48.0115211031368,St. Nikolauser Straße
7.74632217462591,48.008828990367,St. Nikolauser Sträßle
7.89307778663584,49.9671026643213,Untere St. Nikolausgasse
7.8931386924121,49.9669289132475,Obere St. Nikolausgasse
7.89329697556516,49.9669348648244,Obere St. Nikolausgasse
8.02078192810015,48.6634351939565,St.-Nikolaus-Weg
8.15837589202193,47.8159224948026,St. Nikolaus
8.13436221767837,49.5420486869277,St.-Nikolaus-Straße
8.16942004961948,51.3739659848636,Sankt-Nikolaus-Straße
8.31454468039956,50.3627410847518,Sankt-Nikolaus-Straße
8.71506447870512,49.3861904899579,Unterer Sankt Nikolausweg
8.71500806450528,49.2587184799953,St. Nikolausgasse
8.71783515253593,49.3911885713293,Oberer Sankt Nikolausweg
8.71949811378989,49.3840857009271,Oberer Sankt Nikolausweg
8.7221015213148,49.3811075683605,Oberer Sankt Nikolausweg
8.72283697203791,49.3807050899444,Oberer Sankt Nikolausweg
8.93294087956865,47.7545713853339,Sankt-Nikolaus-Straße
8.93456548275998,47.7570833103296,Sankt-Nikolaus-Straße
9.26706412909979,48.2530239617619,St. Nikolausweg
9.32893748075562,48.3332020112111,Sankt-Nikolaus-Weg
9.40455900884573,51.0307885002096,Sankt-Nikolaus-Platz
9.40496944909904,51.0310074754367,Sankt-Nikolaus-Platz
9.57602871162623,49.9331015009054,Sankt-Nikolaus-Weg
9.6080438598685,48.3497063052518,Sankt-Nikolaus-Weg
9.72114705419932,47.8967442743035,St.-Nikolaus-Gasse
9.76015163434121,48.0680083029691,St.-Nikolaus-Weg
9.79798526051024,48.0338724815755,St.-Nikolaus-Straße
9.83663285015822,47.9048143025913,St.-Nikolaus-Weg
9.91676589726823,47.1456172003219,St. Nikolaus
9.91727910479005,47.1453469641348,St. Nikolaus
10.0206923518141,50.6454476772849,Sankt-Nikolaus-Weg
10.1432560637281,48.1831439783728,Sankt-Nikolaus-Straße
10.1516527065203,48.3162602784304,Sankt-Nikolaus-Straße
10.1540090773421,48.3148041640938,Sankt-Nikolaus-Straße
10.2920848077507,47.0110321129412,St. Nikolausweg
10.303253022689,47.8400953657821,Sankt-Nikolaus-Straße
10.3338541328426,48.2997011738054,Sankt -Nikolaus-Ring
10.4624804847776,46.6445082771998,St. Nikolaus-Weg
10.5185930303479,47.4988873750573,St. Nikolaus
10.5194532570639,47.4987238743612,St. Nikolaus
10.5198789686771,47.4986225813583,St. Nikolaus
10.5654423283714,48.3626153099883,St.-Nikolaus-Gasse
10.5656422933536,48.362269074241,St.-Nikolaus-Gasse
10.5862746191362,49.9885929776564,St. Nikolausgasse
10.6036439044808,48.4849257679514,St.-Nikolaus-Straße
10.6052520685024,48.4822060605517,St.-Nikolaus-Straße
10.69183546851,48.3413725754429,Sankt-Nikolaus-Straße
10.6912527313852,48.341665393483,Sankt-Nikolaus-Straße
10.6913520850557,48.3414681714032,Sankt-Nikolaus-Straße
10.6914389521436,48.3419278176832,Sankt-Nikolaus-Straße
10.7722004606264,47.993308680946,Sankt-Nikolaus-Straße
10.7723055635147,47.9923305108802,Sankt-Nikolaus-Straße
10.7721788112281,47.9924925886474,Sankt-Nikolaus-Straße
10.7722763682679,47.9915875076562,Sankt-Nikolaus-Straße
10.7773627192381,47.947019506136,St.-Nikolaus-Straße
10.7838148687663,47.7428394108748,Sankt-Nikolaus-Weg
10.8237323168999,50.0216730047067,St.-Nikolaus-Straße
10.9245103560381,47.921217696747,Sankt-Nikolaus-Straße
10.9238075141598,47.9211573755494,Sankt-Nikolaus-Straße
10.9258024927427,47.9234185897483,Sankt-Nikolaus-Straße
10.9333630735,48.4745179125652,St. Nikolaus-Straße
11.0140373555687,48.1379420826481,St.-Nikolaus-Ring
11.0179059503398,48.1392340684595,St.-Nikolaus-Ring
11.0182900699552,48.1401956032397,St.-Nikolaus-Ring
11.0393058865326,48.4026558745231,Sankt-Nikolaus-Straße
11.0391940462798,48.4033559051573,Sankt-Nikolaus-Straße
11.1470869221312,46.6333901866328,St. Nikolausweg
11.1904698909678,48.3709489675709,Sankt-Nikolaus-Straße
11.1921899850739,48.3705650732506,Sankt-Nikolaus-Straße
11.1930389828489,48.3708700764204,Sankt-Nikolaus-Straße
11.2625422652019,47.4434998774266,St.-Nikolaus-Weg
11.2630185519656,47.4433207726128,St.-Nikolaus-Weg
11.2704716942148,46.3114768117073,St. Nikolausring - Largo San Nicolo
11.3294129447833,48.8742177793699,St.-Nikolaus-Weg
11.3431165647795,48.2623613925028,Sankt-Nikolaus-Straße
11.3431174630948,48.2600185079572,Sankt-Nikolaus-Straße
11.3738305931642,48.7190849846236,Sankt-Nikolaus-Straße
11.3738828751138,48.7184793961307,Sankt-Nikolaus-Straße
11.3764258260201,48.7162763864733,Sankt-Nikolaus-Straße
11.3926327812185,47.2732851750526,Sankt-Nikolaus-Gasse
11.4603237124858,47.1356050190447,Sankt Nikolaus Siedlung
11.5312199225184,49.9368272912253,St.-Nikolaus-Kirche
11.550908568095,49.9390897889757,St.-Nikolaus-Straße
11.5514051567841,49.9389225856325,St.-Nikolaus-Straße
11.5520434097935,49.9387060067189,St.-Nikolaus-Straße
11.5526382741746,49.9385792734915,St.-Nikolaus-Straße
11.5540829448145,49.9382642890992,St.-Nikolaus-Straße
11.8623372294458,46.8159396665492,St.-Nikolaus-Weg
11.9238109206317,46.796359906576,St. Nikolaus Straße
11.9263043743659,46.7961093013449,Sankt Nikolaus Straße - Via San Nicolò
11.9269600546918,46.7962680898746,Sankt Nikolaus Straße - Via San Nicolò
11.9277214667266,46.7964845015276,Sankt Nikolaus Straße - Via San Nicolò
11.9271999947041,46.7963278045723,Sankt Nikolaus Straße - Via San Nicolò
11.9286097208795,46.7966395990851,Sankt Nikolaus Straße - Via San Nicolò
11.928973448738,46.7966864603527,Sankt Nikolaus Straße - Via San Nicolò
12.1169176250086,47.8042257172931,St.-Nikolaus-Straße
12.1165541666447,47.8043443996018,St.-Nikolaus-Straße
12.1190442966122,47.8042724179391,St.-Nikolaus-Straße
12.1556255814437,48.9154563991577,St.-Nikolaus-Straße
12.1638742717086,48.4460473027786,St.-Nikolaus-Straße
12.2263942307059,47.6254565962984,Sankt-Nikolaus-Weg
12.2272629015857,47.6273221094301,Sankt-Nikolaus-Weg
12.2277306543541,47.6266531163373,Sankt-Nikolaus-Weg
12.229524679808,47.6285520656999,Sankt-Nikolaus-Weg
12.2310466953939,47.6291661854233,Sankt-Nikolaus-Weg
12.2470261971624,49.2936159136426,Sankt-Nikolaus-Weg
12.4913436100987,47.2799179842841,St.-Nikolaus-Straße
12.4919692866941,47.2817179736504,St.-Nikolaus-Straße
12.5832350652887,48.8044873135732,St.-Nikolaus-Straße
12.6932441024549,48.2343385987465,Sankt-Nikolaus-Straße
12.8716408940543,48.6160854841571,St.-Nikolaus-Straße
12.8721999156556,48.616174090581,St.-Nikolaus-Straße
12.8728328686048,48.6160180790321,St.-Nikolaus-Straße
12.947441546212,48.4200584806944,St.-Nikolausstraße
12.9485658776217,48.4216305826596,St.-Nikolausstraße
12.9494499995243,48.4205084752566,St.-Nikolausstraße
16.3345596269101,47.0405860086257,Sankt Nikolaus
16.3373788097663,47.0424598709864,Sankt Nikolaus
16.3995849872349,48.196310275156,St.-Nikolaus-Platz
16.3995938805562,48.197069906481,St.-Nikolaus-Platz
21.2222042444228,45.7575033752201,Strada Nikolaus Berwanger
21.2261363500845,45.7525597159723,Strada Nikolaus Lenau
21.2275509271624,45.7522562151553,Strada Nikolaus Lenau
21.3360952612578,46.1496789704847,Strada Nikolaus Lenau
21.3360470217271,46.1497328644088,Strada Nikolaus Lenau
21.338953880155,46.1486592078346,Strada Nikolaus Lenau
21.3392832025381,46.1464301771417,Strada Nikolaus Lenau
