-120.694322928145,35.6281613820761,Stifel Nicolaus
-119.500384570604,33.2494750226718,San Nicolas Island
-119.500265364166,33.2444982796202,San Nicolas Island
-119.463701326988,33.2412712537868,Naval Outlying Field San Nicolas Island
-119.436756539704,33.2290737151865,San Nicolas Island East End Light
-116.615248843596,31.8583051210366,San Nicolas Hotel
-111.925333211755,28.7365000269242,San Nicolas (San Nicolas de Kino)
-111.686166558994,28.7696666727729,San Nicolas
-110.592833225068,29.1888333245188,San Nicolas 1
-110.142833232766,30.4503333161499,San Nicolas
-110.017666562485,27.5526666590355,Granja San Nicolas
-109.971666621563,29.9335000051265,San Nicolas
-109.905900959612,23.0655393512139,San Nicolas
-109.673499878583,30.4876667195884,San Nicolas
-109.136666574962,27.039333258354,San Nicolas
-101.678172881868,21.1121351491755,Panteon San Nicolas
-101.203123098374,19.6886451675982,Universidad Michoacana de San Nicolas de Hidalgo
-99.5924522381116,19.353150492852,San Nicolas Tolentino
-99.5829104229952,19.3492900882823,San Nicolas Tolentino
-99.4861362649099,19.361436319375,San Nicolas Peralta
-99.4652779230018,18.7677779755263,Centro de Educación Media Superior a Distancia San Andres Nicolas Brav
-99.3803753607223,20.5604725773265,San Nicolas
-99.2100139095078,18.6407245947382,San Nicolas Galeana
-97.9033329413912,21.2330559962222,San Nicolasillo
-91.518888268357,14.8435484543879,San Nicolas
-90.5684382685768,14.6538389243344,Cibertienda Bosques Sn Nicolas
-90.4869238820544,14.6819314800303,Panaderia y pasteleria San Nicolas
-89.2700152433725,13.6674060786531,Farmacia San Nicolas
-89.2695247632274,13.6790491147115,Farmacia San Nicolas- Chiltuipan
-89.2628876505822,13.6805434910489,Farmacia San Nicolas
-89.2335124712969,13.7020156908866,Farmacia San Nicolas
-88.3302028236923,14.9427313028382,San Nicolas
-84.0608542431945,9.94921685701792,Parqueo San Nicolas
-83.9339909248361,9.87888600318708,Pali San Nicolas-Taras #3131
-83.9336129137645,9.87543600667909,Iglesia San Nicolas Tolentino
-83.9326375230291,9.87529537937082,Liceo San Nicolas
-79.9552244317112,-2.11506238399469,"Colegio ""San Nicolas"""
-79.4472471709725,43.6768181905368,S. Nicola Dibari Roman Catholic Church
-77.5232637025452,1.19354309628305,San Nicolas
-77.5011976655691,-6.3923100477395,San Nicolas Airport
-77.1072030498244,8.3363994887481,San Nicolas
-77.0059807039467,-12.0089385518929,Colegio San Nicolas
-76.5919303910002,8.71952526282011,San Nicolas Del Rio
-76.573888806497,42.9386110772257,Saint Nicolas Greek Catholic Russian Church
-76.5256581690611,3.45855435117263,Estación MIO - San Nicolas
-76.5252055079895,3.45464849828833,Iglesia de San Nicolas
-76.5228441964336,3.45523465970104,San Nicolas
-76.4237002826288,3.05008797703153,San Nicolas
-76.1171995094322,6.81601839385804,San Nicolas
-76.0940704959804,5.68756778777821,Cerro San Nicolas
-75.8175721058004,6.47278341890954,San Nicolas
-75.4795752309326,5.59785741997599,San Nicolas
-75.4774471220245,5.61478306394915,San Nicolas
-75.3723719018933,3.90603959209412,San Nicolas
-75.3418599046159,6.34661869763553,San Nicolas
-75.3288476280624,9.03968225139827,San Nicolas
-75.1981911734168,3.86232472894944,San Nicolas
-75.0884967262631,3.86544716611453,Hacienda San Nicolas
-74.9345569276,6.68026941238153,San Nicolas
-74.8681408853839,6.68935673054867,San Nicolas
-74.712314265298,4.18292145400762,San Nicolas
-74.1118105302949,45.756289093531,Saint-Nicolas-Ouest
-74.1047292905733,4.66774245107705,Conjunto San Nicolas
-74.0882395457234,45.757245591707,Saint-Nicolas-Est
-73.8730470414342,5.9082961572233,San Nicolas
-73.382130674403,7.34851609768965,San Nicolas
-73.3774339227715,19.8078480538276,Môle Saint-Nicolas
-72.8845073057975,5.82086035859457,San Nicolas
-72.8007523412934,4.70627745285138,San Nicolas
-72.6999065691829,19.1089731643952,College Saint-Nicolas
-72.6999065691829,19.1089731643952,College Saint-Nicolas
-72.699099253237,19.1136729918264,Hôpital Saint Nicolas
-72.6990804784476,19.1139428225448,Chapelle Saint-Nicolas de Saint Marc
-72.5131424198695,18.7714820895448,Centre de Santé Nicolas Armand
-72.1373505463899,5.30869186090337,San Nicolas
-72.1023516439314,18.8321818875849,St Nicolas Papa
-71.4910329115598,6.19591160369536,San Nicolas
-71.4896184243134,6.19888077827595,Corregimiento San Nicolas
-71.485199970757,6.1906020202533,San Nicolas
-71.4548607195087,46.6932577017011,Cidrerie et Vergers Saint-Nicolas
-71.3951428753772,46.7028580076319,Saint-Nicolas
-71.3542995336802,46.6757021703717,Saint-Nicolas (Bernières Ouest)
-71.3497543278372,46.6756719688065,Saint-Nicolas
-71.3396328298679,46.679549958251,Saint-Nicolas
-71.3025842414257,46.70911608156,Saint-Nicolas (Bernières)
-71.3000374277637,46.719671171782,SAQ St-Nicolas
-71.2950960648803,46.715113701949,Bernieres / St-Redempteur / St-Nicolas
-71.2877259269633,46.7001079587089,St-Nicolas
-70.8595885032258,47.1592367784881,Saint-Nicolas
-70.8520202867886,47.1537458833255,Ruisseau de Saint-Nicolas
-70.7561728307505,-33.5049357979106,Colegio San Nicolas De Maipu
-70.7257676431604,7.02411131268587,San Nicolas
-70.7026227295281,-33.2752961344533,Escuela Basica San Nicolas Diacono
-70.6796767927313,-33.3832986086682,Escuela Especial San Nicolas De Belen
-70.6747993000646,-33.4199914141496,Escuela Basica San Nicolas
-70.6631973785071,-33.5201854048806,Escuela Especial San Nicolas De La Ciste
-70.5548646874926,-33.3897071579207,Consultorio CESFAM Siervo de Dios Nicola D'Onofrio
-70.5524916080066,46.9748950016052,École Saint-Nicolas
-70.5066653114286,-33.391138307802,Colegio San Nicolas De Myra
-70.5020574930103,46.9905935162547,Bras Saint-Nicolas
-70.4992300456535,46.993727188291,Bras Saint-Nicolas
-70.4921020935371,46.9971118770694,Bras Saint-Nicolas
-67.7756364697267,49.3090890135322,Grande baie Saint-Nicolas
-67.7675459727833,49.3038549647587,Pointe Saint-Nicolas
-67.7331295379551,49.3901502991334,Lac Saint-Nicolas
-67.7105702360565,49.307824275762,Petite baie Saint-Nicolas
-67.4977435348996,-29.1622610871232,San Nicolas
-64.1681189798581,-31.4184575517156,San Nicolas 405
-61.4251384126271,16.2945809236225,Gascon Saint-Nicolas
-60.2016448534181,-33.3897072329252,San Nicolas De Los Arroyos Airport
-55.265440904907,-28.1833649027378,São Nicolau
-51.0520296086676,-29.5172773331844,Igreja Católica São Nicolau
-43.0231419122642,-19.9407179067821,São Nicolau
-40.0834679372215,-6.67601691203413,São Nicolau
-39.0593599468992,-11.8332699053091,S. Nicolau
-25.7966670484763,37.8631389736172,Snack Bar - São Nicolau
-17.8807513025408,28.6018174706496,Bar San Nicolas
-16.4337394733263,28.475201101548,San Nicolas (C.El Sauzal) (Subiendo)
-16.4335941259133,28.4752408204474,San Nicolas (C.El Sauzal)
-15.7819867615327,27.9857278722402,San Nicolas
-9.15863280306709,38.6431400867014,Quinta de São Nicolau
-9.15814582635157,38.6414870984393,EN 10-1 - Quinta de S. Nicolau
-9.15811357683287,38.6416966095671,EN 10-1 - Quinta de S. Nicolau
-9.15809749698928,38.6430039002646,Rua Cidade de Lourenço Marques - Quinta de S. Nicolau
-8.61605495286685,41.1403379601713,São Nicolau
-8.61495900822022,41.1404543217822,Adega São Nicolau
-8.30114549945316,43.0560296944594,Montes de San Nicolau
-8.17761591894567,43.3675113137241,San Nicolao
-8.16045225796964,43.5015884023376,San Nicolas
-7.60762804397567,43.1830565023613,San Nicolao
-7.59644931874856,42.4615620131591,Millan (parroquia San Nicolao)
-7.436157802206,40.6889992138172,São Nicolau
-6.51924281029725,42.5370010142925,San Nicolas
-5.4466387303726,36.1572888171167,Panadería San Nicolas
-4.53614911819658,48.179608474748,Anse Saint-Nicolas
-4.3715006826945,48.4028965148676,Saint-Nicolas
-4.31606043628284,47.9951398068235,Saint-Nicolas
-4.2598816848761,48.362939579327,Venelle Saint-Nicolas
-4.1923504740663,40.2268013015303,San Nicolas
-4.00005548738017,47.7241448991561,Île Saint-Nicolas
-3.59265989405842,37.1810817924048,Mirador de San Nicolas
-3.54671376222156,48.1563155929007,Saint-Nicolas
-3.54253875210709,47.8659246609137,Prairie Saint-Nicolas
-3.48380025129825,47.6323251797698,Port Saint-Nicolas
-3.47555479496838,47.6330977973062,Fontaine de Saint-Nicolas
-3.4317257227616,48.0419972685188,Saint-Nicolas
-3.32848135901093,48.7855207977271,Saint-Nicolas
-3.27971451718193,48.8381597949235,Crec'h Saint-Nicolas
-3.21612484434427,43.3754566941377,San Nicolas
-3.16378540263033,48.314441174497,Saint-Nicolas-du-Pélem
-3.03879650894379,47.9802538646007,Saint-Nicolas des Eaux
-2.922138052213,43.2599698150318,San Nicolas - Euskotren
-2.867389149244,47.5590219734024,Pointe S. Nicolas
-2.70886129509875,47.8174437027567,Saint-Nicolas
-2.41697467427023,48.1918121958064,Collège privé Saint-Nicolas
-2.22171991838597,47.802519968546,Saint-Nicolas-du-Tertre
-2.10838361123892,47.2802734650975,Île Saint-Nicolas
-2.06898763512775,47.6440928141348,Saint-Nicolas-de-Redon
-2.04528639484001,48.1975595950538,Lycée technologique agricole privé Saint-Nicolas-La Providence
-2.04526797937668,48.1978185089593,Lycée Saint-Nicolas La Providence
-2.00862489045369,48.4497337879808,Saint Nicolas
-1.639029775467,46.4245179041489,St-Nicolas
-1.58744932033661,49.3238130817095,Saint-Nicolas-de-Pierrepont
-1.56030798166834,47.2156316799198,Saint-Nicolas
-1.56014718323248,47.2156872056029,Saint-Nicolas
-1.55955474430261,47.2155834152403,Saint-Nicolas
-1.55939502384509,47.2156712801108,Saint-Nicolas
-1.55787732017257,47.2148177033423,Saint-Nicolas - Couëdic
-1.55754350621299,47.2150269953647,Saint-Nicolas
-1.45174415413123,52.5357369981371,St Nicholas Park Drive;St Nicolas Park Drive
-1.451553711291,52.5356371679903,St Nicolas Park Drive
-1.4264864029507,43.5953454948116,Église Saint-Nicolas
-1.37414947651955,50.9534938926446,St. Nicolas Church
-1.3736222552793,50.9539930655857,St Nicolas Church
-1.37352272194582,50.9539836152465,St Nicolas Church
-1.3356031270041,42.9890142944409,Iglesia San Nicolas de Barii
-1.3246426025595,51.3968673927199,Saint Nicolas C of E Junior School
-1.19411972739667,48.7556092014414,Saint-Nicolas-des-Bois
-1.19045648749956,49.2585962989875,Marais Saint-Nicolas
-1.18807819778485,49.262402001547,Saint-Nicolas
-1.08353289383972,45.5621243704572,Phare Saint-Nicolas
-1.05005564764102,45.6365808078536,Saint-Nicolas
-0.88878209282986,51.1346421699919,St Nicolas
-0.669201677703877,42.3109030082586,Albergue de Peregrinos (ex Bar San Nicolas)
-0.668431013021631,42.3109710996748,San Nicolas de Bari
-0.659245649409981,45.1353536042822,Hopital Saint-Nicolas
-0.659001397484228,45.1357489698837,Centre Hospitalier Saint-Nicolas De Blay Heliport
-0.641608306784635,44.8471836054844,Square Nicolas Poussin
-0.579826493456258,51.2319435015444,St Nicolas C of E Infant School
-0.57796590283979,47.4736849035723,Saint-Nicolas
-0.575922235568418,44.8275491916735,Saint-Nicolas
-0.574020591943465,44.8289988622077,Saint-Nicolas
-0.573976484663015,44.8289809597571,Saint-Nicolas
-0.572572417873936,44.8266246046968,Saint-Nicolas
-0.572345054275525,44.8274894940786,Saint-Nicolas
-0.486291929780108,51.1417335846049,Saint Nicolas Church
-0.466242430953845,47.0457909717334,Saint-Nicolas
-0.386790037334609,51.0485179060858,St Nicolas at Itchingfield
-0.373963801876423,51.2797989892471,St Nicolas
-0.279207259919285,48.3448515916549,College St Nicolas
-0.277808403358854,48.3460031906149,Entrée de Ville Saint-Nicolas
-0.202121837242176,47.3479557834589,Saint Nicolas
-0.163380912636181,38.9912643995219,marina San Nicolas
-0.161071703366823,38.992877800825,Sant Nicolau
-0.138927333297993,53.5702272056596,St Nicolas
-0.106477400458215,42.6946598171221,San Nicolas de Bujaruelo
-0.0826680928417978,48.8551476712082,Saint-Nicolas
0.0158783514675114,48.4943387617517,Saint-Nicolas-des-Bois
0.0670879820486141,43.3418695173684,Saint-Nicolas
0.125689489776623,47.2843793909393,Saint-Nicolas-de-Bourgueil
0.126828463725358,49.5001125924527,Boulangerie De Saint-Nicolas
0.131537612107769,49.4860285612696,Clinique Vétérinaire Saint-Nicolas
0.133792473302438,49.4851244775112,Le Fournil Saint-Nicolas
0.138623523068904,47.2607129865969,Aire de Saint-Nicolas-de-Bourgueil
0.142647975541759,47.2588540587628,Aire de Repos de Saint-Nicolas-de-Bourgueil
0.143911006831231,47.2605500868685,Aire de Repos de Saint-Nicolas-de-Bourgueil
0.148254990050648,47.2590861615797,Aire de Saint-Nicolas-de-Bourgueil
0.17383802119556,52.4813382056566,St Nicolas (Manea Parish Church)
0.289240633159144,42.7980683203146,"Église Saint-Denis,Saint-Nicolas"
0.336766901580772,50.819650591205,St. Nicolas
0.412367948082401,42.4646014131534,San Nicolau
0.42104486524324,48.8366234991677,Saint-Nicolas-des-Laitiers
0.472399214416615,49.5097995861555,Saint-Nicolas-de-la-Taille
0.520899885426926,52.4890565013457,Saint Nicolas
0.550759975302588,49.0830700151768,Caorches-Saint-Nicolas
0.618772413610089,49.5557265652075,Saint-Nicolas-de-la-Haie
0.619502923599135,48.8168307948543,Saint-Nicolas-de-Sommaire
0.693638099220139,51.2140217711484,St Nicolas
0.731986549878502,49.507017961235,Saint-Nicolas-de-Bliquetuit
0.763824819841323,44.1365052931279,Saint-Nicolas-de-la-Balerme
0.778241073352401,49.0815604848216,Église Saint-Nicolas
0.780721681177969,52.6028587801423,Saint Nicolas
0.850738979536569,46.4170438100521,École primaire Saint-Nicolas
0.850952598911132,46.4171736156458,École maternelle Saint-Nicolas
0.86892016223492,49.2103806849583,Saint-Nicolas-du-Bosc
0.88055496213178,42.5536165873488,Feixans de Sant Nicolau
0.925482584099506,49.3133862086239,Saint-Nicolas
0.926042324353041,49.3135616633088,Carrefour Saint-Nicolas
0.938176767210927,48.8076180918049,Saint-Nicolas-d'Attez
1.02361113213864,44.0644443687545,Saint-Nicolas-de-la-Grave
1.0369671939514,47.5854617137689,Saint-Nicolas-des-Motets
1.07883479473531,43.7930262727751,Lagraulet-Saint-Nicolas
1.15930030833197,49.0395127951395,Saint-Nicolas - La Maladrerie
1.199993721208,49.8609515982542,Dampierre-Saint-Nicolas
1.21406385384011,49.8784029837383,Saint-Nicolas-d'Aliermont
1.29769242538369,43.5657030111285,Centre Commercial Saint-Nicolas
1.49175035581491,49.0989626621434,Eglise St Nicolas de Vernonnet
1.56567837993139,48.287794894607,Villeneuve-Saint-Nicolas
1.66863941504145,48.8034903601501,Place Saint-Nicolas
1.8230190288677,49.9591017794634,Chapelle Saint-Nicolas
1.84020559688347,47.8735478133499,Saint-Nicolas
1.84093017799164,47.8733225751341,Pont Saint-Nicolas
2.03163083471152,48.4818876720983,Roche Saint-Nicolas
2.03362123188655,48.4831441843506,Roche Saint-Nicolas
2.07397624939505,49.5976471051663,Le Bosquet Saint-Nicolas
2.11093994704294,47.8764553953587,Ferme de Saint-Nicolas
2.11951391727222,50.1409896959021,Église Saint-Nicolas
2.13632319286866,48.9465852871265,Saint-Nicolas
2.14525774685299,41.377977718074,Tarragona [L3] Acceso Sant Nicolau
2.19002124661831,48.4869194883009,Le St Nicolas
2.20484021487125,49.0523426621797,Saint-Nicolas
2.22662777410923,48.7422095943999,Lycée Saint-Nicolas
2.32260359940151,51.0180742994992,Saint-Nicolas
2.32400191697277,51.0183582653348,Saint-Nicolas
2.32401907479469,51.0184400923812,Saint-Nicolas
2.32520521029584,51.0186591824567,Epicerie St Nicolas
2.32695611661612,51.0166997107392,Saint-Nicolas
2.44115965733846,48.7998647734311,Section d'enseignement général et professionnel adapté Nicolas de Stael
2.46943386141154,39.6481603829041,Son Nicolau
2.50824665124027,49.1745493964711,Carrefour du Souillars Saint-Nicolas
2.51740048398544,49.1762756751074,Carrefour Saint-Nicolas
2.51950936894644,48.8640029167433,Section d'enseignement professionnel du Lycée Nicolas-Joseph Cugnot
2.55022600244551,49.2015941055274,Saint-Nicolas d'Acy
2.64836218616456,39.5706913702385,Esglèsia de Sant Nicolau
2.68372733176437,42.0868723061824,Sant Nicolau
2.68396367851562,42.0865475055732,Pla de Sant Nicolau
2.68479875240374,42.0870233058993,Castanyer del Pla de Sant Nicolau
2.72734619819466,50.5953539801473,Ecuries de la Croix Saint-Nicolas
2.74250338215208,41.6464137749327,Esglesia de Sant Nicolau
2.7849000008068,50.307799961036,Saint-Nicolas
2.82602756945964,41.9890412648658,Capella de Sant Nicolau
2.88500645943851,48.959050766555,Église Saint-Nicolas
2.8907424720222,48.4437379963231,Le Clos St. Nicolas
2.90680578660671,39.4100889926158,Son Nicolau
2.91861692579384,49.3351172772792,Maison Forestiere Saint-Nicolas de Courson
2.92519403097805,49.3440215669469,Carrefour de Saint-Nicolas de Courson
2.92655228368764,49.3362981934589,Source St Nicolas
3.04241267712001,39.4575767738671,Pleta de Son Nicolau
3.04622333055525,39.4547820555476,Son Nicolau
3.05351163194989,49.332672115895,Roy Saint-Nicolas
3.05775769880334,39.4179237033798,Son Nicolauet
3.12687398693197,45.2647115111786,Église Saint-Nicolas
3.16785198609001,50.5676056962181,Église Saint-Nicolas
3.43194437270175,49.5933333007042,Saint-Nicolas-aux-Bois
3.46704649158637,50.0728385875684,Église Saint-Nicolas
3.46726999242906,48.5297199808255,Saint-Nicolas-la-Chapelle
3.47042622317981,43.4342166996312,Chapelle Saint-Nicolas de Talpuciac
3.57402200786963,47.7996784179353,Saint-Nicolas
3.78322059325704,46.0600473047459,Église Saint-Nicolas
3.78345711967135,46.0598253936,Saint-Nicolas-des-Biefs
3.78991187431386,44.8901642033127,Le Bouchet-Saint-Nicolas
3.79044547359263,44.8890442181229,Le Bouchet-Saint-Nicolas
3.86965496275904,43.6290980657107,Fournil Saint-Nicolas
3.87607091018128,43.6107621882007,Le Fournil Saint-Nicolas
3.88724595231572,43.6078583907512,Le Fournil Saint-Nicolas
3.9567471685436,50.4539657677736,Saint-Nicolas
3.95753975211877,50.4538418820451,Foyer Saint-Nicolas
3.95755807775057,50.4540174153291,Taverne le Saint-Nicolas
4.0172318146017,48.9457872152853,Saint-Nicolas
4.07074355776142,48.2949036744048,Pharmacie Saint-Nicolas
4.12020300067447,46.451677005523,Pharmacie Saint-Nicolas
4.13171392289365,49.6577986938177,Église Saint-Nicolas
4.18205245714374,50.5987002834761,Font. St Nicolas
4.18459918097422,50.5969871888207,Saint-Nicolas
4.20749535110433,50.335951160464,Saint-Nicolas
4.21227223245917,50.3429114970544,Saint Nicolas
4.28785100074175,50.8142337827615,Saint-Nicolas - Sint-Niklaas
4.2882273948458,50.814407407799,Saint-Nicolas - Sint-Niklaas
4.28844685326971,50.8146102627787,Saint-Nicolas - Sint-Niklaas
4.35112788019749,50.8487284948222,Hôtel Saint-Nicolas
4.36104060969469,43.838757258385,Au Fournil Saint-Nicolas
4.37743207885249,43.9444627850942,Pont Saint-Nicolas
4.39583119283877,50.5090131966303,Eglise Saint-Nicolas
4.49562485808855,50.5616296847841,Ecole libre Saint-Nicolas
4.52120348748857,49.9246534127311,Église Saint-Nicolas
4.54468805412978,45.4855701187647,Église Saint-Nicolas
4.64554855861098,46.0015365694063,École Saint-Nicolas
4.72848650536412,44.2021317055364,Porte St Nicolas
4.77281477137429,46.6537655956281,Saint-Nicolas
4.78412833372554,43.9340693123741,Saint Nicolas
4.79159126761142,48.6679928732761,Pâtis Saint-Nicolas
4.83955160197834,47.0274414724239,Porte Saint-Nicolas
4.8414140790569,47.0296056035081,Faubourg Saint-Nicolas
4.84381626395817,47.0270117953508,Faubourg Saint-Nicolas
4.84888617575868,47.0409350748089,Beaune Saint-Nicolas
4.8535447489906,47.0389706142124,Beaune Saint-Nicolas
4.88397859283822,50.4670527017846,Parking Saint-Nicolas
4.88423506185184,50.4669926058515,Parking Saint-Nicolas
4.89347971427224,50.4676250102267,Faubourg Saint-Nicolas
4.89362003111962,50.4674406074736,Faubourg Saint-Nicolas
4.89518633364901,52.377483877732,Sint Nicolaas
4.8995966125364,44.9189859106403,Fournil St Nicolas
4.90033071578658,52.376701713019,Centraal Station / Nicolaaskerk
5.04477927448383,47.3241595723107,Le Saint-Nicolas
5.05587418689493,47.1155477961202,Saint-Nicolas-lès-Cîteaux
5.23352905990119,52.0471351767372,Sint Nicolaasschool
5.36179213313528,43.2923006707518,Fort Saint-Nicolas
5.36183085052403,43.2922384893783,Fort Saint-Nicolas
5.36186076442299,43.2921759156291,Fort Saint-Nicolas
5.3678915142514,52.2345759812137,St. Nicolaasweg
5.39024519178143,49.5320484077732,Chapelle Saint-Nicolas
5.45870921318226,49.4534182958414,Église Saint-Nicolas
5.5028455092162,49.1191419934202,Aire de Verdun Saint-Nicolas Sud
5.50846806457951,49.1196793647455,Aire de Verdun Saint-Nicolas Nord
5.50850992607175,49.1186768156415,Aire de Verdun Saint-Nicolas Sud
5.51570947391632,49.1192952683075,Aire de Verdun Saint-Nicolas Nord
5.53359529054926,50.6424678669078,Ford St Nicolas Motor
5.53941897870468,50.6305340857603,Saint-Nicolas
5.54185682672272,50.6382238929034,Place Saint-Nicolas
5.54234766619396,50.6380622616717,Place Saint-Nicolas
5.5436270468216,50.6382306726292,Place Saint-Nicolas
5.60009954732625,51.0156312738164,Sint-Nicolaas van Tolentijnkerk
5.60626001388168,45.3987000168986,Saint-Nicolas-de-Macherin
5.7297027273012,45.181274790265,Le Saint-Nicolas
5.72972033428077,45.1812623797011,Le Saint-Nicolas
5.74109210746243,52.923064309525,Sint Nicolaasga
5.74267898141183,49.8236985891986,Chapelle Saint Nicolas
5.77188590624441,52.9147940967092,Sint Nicolaasga
5.77208308644927,52.9147766002499,Sint Nicolaasga
5.7727749688811,52.9220749894831,Windmotor Sint Nicolaasga
5.77450341731928,52.9149736110567,Sint Nicolaasga
5.77453656515326,52.9139533919751,Sint Nicolaasga
5.77502219439586,52.9169385782394,Sint Nicolaasga
5.77698779806904,52.9142778127652,Sint Nicolaasga
5.77716243056027,52.9142609119592,Sint Nicolaasga
5.78669625067063,48.8866579129842,Saint-Nicolas
5.97430005528004,50.8321091755541,"Simpelfeld, Sint Nicolaasstraat"
5.97452607140552,50.8320219704936,"Simpelfeld, Sint Nicolaasstraat"
6.07421391511483,49.3145021155349,Saint-Nicolas-en-Forêt
6.08515557493847,45.084182511694,Site Archéologique - Chapelle Saint-Nicolas
6.16554212662166,49.9466020665643,Café Chalet Mont Saint Nicolas
6.18443872761228,48.6892249068339,Saint-Dizier Saint-Nicolas
6.18447933146312,48.6823781846166,La Poste Nancy Porte Saint-Nicolas
6.18448597899623,48.6861028154256,Quartier Saint-Nicolas
6.18480865384628,48.6876197042078,Quartier Saint-Nicolas
6.18615064704923,48.6885706867897,Bazar Saint-Nicolas
6.18617840499151,48.6884151956052,Aux Délices de Saint-Nicolas
6.18626356528044,48.6857462705437,Porte Saint-Nicolas
6.18693289999864,48.6880657834571,Brasserie Saint-Nicolas
6.18740747996324,48.6880625810942,Bains-Douches Saint-Nicolas
6.18776267382658,48.687545515425,Tabac Presse Saint-Nicolas
6.18782600505411,48.6877596010634,Saint-Nicolas - Charles III
6.18809792509062,48.6888194598258,Maison de quartier Saint-Nicolas
6.18889787485112,48.6874100657588,Établissement Petite Enfance Saint-Nicolas
6.1995570145179,47.9740226077772,Statue du Poète Nicolas Gilbert
6.23816175452682,44.6782093591208,Saint-Nicolas
6.28516053221362,48.6357692143283,Saint-Nicolas de Port
6.29188828487097,51.7379297652789,St. Nicolai
6.29811495726285,48.6267416666236,Saint-Nicolas-de-Port
6.31314377196616,48.6353143015231,Varangéville - Saint-Nicolas
6.31316012130434,48.6353451713721,Varangéville - Saint-Nicolas
6.37036376061873,49.5449311967794,Saint Nicolas
6.38501788801704,51.3893733994439,St. Nicolasfeld
6.41910931237549,49.8129183956971,Saint-Nicolas
6.44825461277958,48.1768346953013,Parking Q-Park Saint-Nicolas
6.46685997995509,51.9785800004319,Strake Nicolaos
6.48026338298332,47.6501464125501,Croix Saint-Nicolas
6.50126464685311,45.80863275962,Saint-Nicolas-la-Chapelle
6.50146362368854,45.8082958127427,Saint-Nicolas la Chapelle
6.50505410004764,45.4915192624173,Saint-Nicolas (Le Bois)
6.57287151410696,43.7300664606891,Église Saint-Nicolas
6.60514133473227,53.1687121018207,CBS St. Nicolaasschool
6.62531417224705,0.286029315432826,Cascata de São Nicolau
6.62549212850483,0.279840807067123,Sao Nicolau
6.72363783436589,45.8528604175011,Saint-Nicolas-de-Véroce
6.72393149363227,45.853380167152,Saint-Nicolas-de-Véroce
6.77190305694024,43.9148843201723,Saint-Nicolas
6.84635075644859,48.8795433987724,Jardins Saint-Nicolas
6.84843520723386,48.8781075661787,Saint-Nicolas
6.87340927044766,48.0395915660607,Saint-Nicolas
6.88577035825173,52.6591721622536,RKS Nicolaasschool
6.91625630438584,46.9897411026347,Saint-Nicolas-MEN
6.91680445637221,46.9897314821892,Saint-Nicolas-MEN
6.99475890925518,52.3955173132722,St. Nicolaasstichting
6.99514707128944,52.3953802734574,St. Nicolaasstichting
6.99992988152515,52.3770509825608,St. Nicolaasmolen
7.01860181386322,43.5593170958047,Saint-Nicolas
7.01924455844901,43.5544752143673,Parking Saint-Nicolas
7.05154995235957,48.7301913033265,Hôpital Saint-Nicolas
7.08279201046832,47.4254549812448,"Porrentruy, St-Nicolas"
7.16798203363876,45.7160777816596,Saint Nicolas
7.17134541589403,45.7119511706898,Chiesa Parrocchiale di Saint Nicolas
7.24825099585126,44.0798136593931,Saint-Nicolas
7.35671430190807,48.0797077903759,Pharmacie Saint-Nicolas
7.3951480026869,48.4380989598056,Rocher St Nicolas
7.40496272598661,48.8236567952995,Ruines de la chapelle Saint-Nicolas
7.41751731090288,43.7280786071111,Parking Saint-Nicolas
7.4900201578211,44.8002805173492,San Nicola
7.49187895180701,44.8007905746887,Chiesa di San Nicola
7.52282860829077,44.258577596188,Pilone di San Nicolao
7.53345325265064,44.2456354694875,Parrocchiale di San Nicolao
7.74732002324351,45.1518599878639,Settimo (v. Torino/v. De Nicola)
7.74803831614469,48.5783578090418,Saint-Nicolas
7.74818626867199,48.5784764948142,Saint-Nicolas
7.74860003269185,45.1514800018908,Settimo (v. Torino/v. De Nicola)
7.74861000399151,48.5786099788302,Pont Saint-Nicolas (Krutenau)
7.75777596399302,53.5751929871878,Ev. Kindergarten St. Nicolai
7.76983000763298,48.6146500027901,Rue de la Magel / Stade Paul Nicolas (Cité de l'Ill)
7.79311245333526,48.8198147669596,École élémentaire Saint-Nicolas
8.07584362445109,45.3651583696442,Chiesa Parrocchiale di San Nicola di Bari
8.10891267618468,45.4484884024823,Chiesa di San Nicola
8.14102196786872,45.6070650098205,Valle San Nicolao
8.24404336976587,40.8370702845132,Pozzo San Nicola
8.30802910981231,54.9064477116459,Sankt Nicolai
8.31658125098018,50.3607476043766,St. Nicolaus Kirche
8.40787622482149,45.9684042872798,Parrocchia di San Nicola
8.41604227008025,49.3346783045343,"Ihre Augenärzte Speyer: Dr. med. Birgit Boguth, Dr. med. Heinz-Dieter Jakumeit, Dr. med. Nicola Sommer"
8.55039780740278,53.2853860900638,St. Nicolai
8.55326630776803,47.369483364148,Couvent St-Nicolas de Myre
8.55825788647577,40.7267322702928,Duomo di San Nicola
8.70714511082338,50.1162065875431,Neue Sankt Nicolai Kirche
8.74683375805412,50.0889542743987,Sf. Nicolae
8.77176712758556,53.8243915631318,St. Nicolai
8.77200563029349,53.8239297733093,St. Nicolai
8.85540737722783,44.4252546899986,Farmacia San Nicola
8.90826972826865,39.2735846725291,San Nicola
8.92035135018783,54.416621089825,St. Nicolai Uelvesbüll
8.93082319111787,44.4199670966662,Il Besagnin di San Nicola
8.93085256602766,44.4199284721735,Il Forno di San Nicola
8.93095730958979,44.4196217850971,Firenze 4 / San Nicola
8.94176503060456,46.0068459723325,San Nicolao
8.94236797982326,46.006620977302,San Nicolao
8.96366775386196,44.804431279158,Parrocchia San Nicola
8.97094725176682,52.6693527791981,St. Nicolai
8.98624699835983,46.0535549754318,"Sonvico, S. Nicolao"
8.98883234974753,45.8862729924659,San Nicolao
8.99095641623683,40.6115547732522,San Nicola
8.99761859187845,54.1652700742338,Sankt Nicolai
9.00694570964193,39.700588817246,Chiesa San Nicola
9.01063122775809,45.8525385669613,Cappella di San Nicolao della Flue
9.04230771113824,40.2333745918712,Cattedrale di San Nicola
9.05706559395187,53.7722608746932,Sankt-Nicolai-Kirche
9.130164113735,52.7798696855468,St. Materniani et St. Nicolai
9.20430000800823,46.3292080183784,San Nicolao
9.22347544606304,45.5396387662464,Istituto di Istruzione Superiore Enrico De Nicola
9.39035017633375,42.9697156795764,Col Saint-Nicolas
9.39790752315599,49.9690163114886,St. Nicolaus von Myra
9.49044145343716,42.3683074626559,San Nicolao
9.50008387986537,42.3706485567868,San-Nicolao
9.56141303212208,56.9624629862167,Skt Nicolajs Bjerg
9.57195709760096,44.2527672174225,Monte San Nicolao
9.57271249092338,44.2555702095867,Ospitale S. Nicolao
9.57743951577994,39.4197008940429,Chiesa S.Nicola
9.58993032031104,51.861385580855,St. Nicolai Kirche
9.61264062900887,45.0557740710904,Chiesa di San Nicola di Bari
9.63726560690326,52.0895302027314,St. Nicolaus Kirche (Ev.-luth)
9.66735000610537,51.9344483909862,St. Nicolai-Kapellen Gemeinde
9.70668220183137,52.1639845667524,St. Nicolai
9.71643476171342,51.5539578104429,Sankt Nicolai
9.82580321025051,51.9863380750298,Sankt Nicolai
9.85434196817477,52.2329221834856,St. Nicolai
9.88451637856834,52.2802061014241,Sankt-Nicolai-Kirche
9.8914929645594,48.4427372880871,St. Nicolaus v.d. Flüe
9.94703265447301,52.2944674698163,Sankt Nicolai
9.98775957450914,53.543660592253,Kaffeerösterei Hacienda San Nicolas
10.1742003303202,49.8264330165703,Sankt Nicolai
10.2017847180866,44.0103719061129,Cerreta San Nicola
10.4103781982986,53.2518823756021,Sankt Nicolai - Büro/Pfarramt
10.4107246785037,53.2517780006484,St. Nicolai - Gemeindehaus
10.4493977803058,51.2648386763588,St. Nicolai
10.5187638000834,52.917019664533,St. Nicolai Kirche
10.5805181249641,52.1252406751039,St. Nicolai Neindorf
10.608697107617,55.0588462679505,Sct. Nicolai Apotek
10.762737697255,52.1752126973022,St. Nicolai
10.7845967623896,51.5304226059546,Sankt Nicolai-Kirche
10.8277213757506,52.4011886890449,St.-Nicolai-Kirche
10.9071441249655,44.6324162943801,Scuola Elementare Nicola Pisano
10.957354559456,54.1497948851492,Sankt Nicolai
10.9773467457672,50.7688719994887,Vikarie-Kapelle St. Nicolaus
11.0059056259538,45.4395123797752,Scuola Materna Nicola Mazza
11.0208521549771,51.5595452782312,St. Cyriaki u. Nicolai
11.0422853288355,50.9647853999935,Sanitätshaus Nicolai&Weichold GmbH
11.0570658491943,49.7296805997966,Salon Nicolai
11.2149433230738,51.0165643631943,St. Nicolai
11.231042121112,51.5168220722925,St. Nicolai
11.3215954458548,52.9218510935859,Sankt Nicolai-Kapelle
11.8309283541888,52.1286436894377,St. Nicolaus Kirche
11.9109072503961,49.3871817147734,St. Nicolaus
11.9684927635377,52.5399129952746,Zecherei Sankt Nicolai
12.1212405876504,41.9319476721396,Marina di San Nicola
12.1334013511461,41.9362858077946,Marina di San Nicola - cavalcavia Aurelia
12.1976728452844,45.469181503068,Studio Tecnico Geometra Convento Nicola
12.234608605327,42.5454419174906,Sipicciano - San Nicola
12.236271925907,42.5427700027373,San Nicola
12.3279388921075,50.3120035996223,St. Nicolai Markneukirchen
12.3453715985111,37.9373440094002,Punta San Nicola
12.3465729155406,37.9365701963944,Cala San Nicola
12.5206184475668,41.8516164629637,San Nicola de' Caetani
12.5691033082281,41.944421455635,Casale S. Basilio/Nicolai
12.5692657236314,41.944234771146,Casale S. Basilio/Nicolai
12.5814752656471,55.6787909131885,Sankt Nicolai Kirke
12.5816094739505,55.6785230757437,Sankt Nicolai Kirke
12.5820549484999,55.6787135707561,Sankt Nicolai Kirke Playground
12.6415042861931,37.6009426813204,San Nicola soprano
12.6537014314578,37.5796096113369,San Nicola sottano
12.6592094516224,37.6382433740495,Contrada San Nicola di Mazara
12.6603325253906,37.6382721129836,Contrada San Nicola di Mazara
12.667068452717,37.6308975086825,Contrada San Nicola
12.6759081446074,37.6193039913937,San Nicola di Mazara
12.6780588012291,37.6388069112202,Stazione di San Nicola di Mazara
12.6788955819162,37.6388249084868,Stazione di San Nicola di Mazara
12.7999724023719,43.1798735850798,S. Nicola
12.8074699213963,50.5787644156221,St. Nicolai-Kirche
12.8084301306035,51.7161858847476,St. Nicolaus
12.8440892049642,42.1571610729734,San Nicola
12.9392890655141,41.7436130637708,San Nicola
12.9453190966903,41.8459635799923,P.zza S. Nicola
12.9490505187174,41.7005289613545,San Nicola
12.9552512297976,41.9744804805814,San Nicola
12.9735367069004,41.8344942083952,San Nicola
13.047978657191,42.8408536733464,Monte San Nicola
13.3278680079055,42.4111897806523,Convento di San Nicola
13.3460517058866,50.9174413737927,St. Nicolai Weinstube
13.4041775556717,41.7716084691025,Fontana San Nicola
13.523593211504,41.3496792566537,Passo San Nicola
13.5250008715542,41.3502445682803,San Nicola
13.5892476620222,37.2965230806156,Poggetto di San Nicola
13.6008166154088,42.4829277941497,Casale San Nicola
13.6115858885294,38.0173736660298,San Nicola L'arena
13.6126467090484,38.0156919758529,San Nicola Tonnara
13.6151767242146,38.0162791068135,Porticciolo di San Nicola L'arena
13.6524525864237,42.1206704747174,Monte San Nicola
13.8073125294324,41.4590400808071,San Nicola
13.8461469686595,41.7388110643917,Monte S. Nicola
13.974134887922,42.5802373771919,Chiesa di San Nicola
14.0156170216175,42.1497053805282,San Nicolao
14.0495055165533,41.4803488898053,SS. Martino e Nicola
14.2243041062822,40.853240217173,Scuola Media Statale D'Ovidio-Nicolardi
14.2567773953193,40.8491096988019,Chiesa di San Nicola a Nilo
14.2774213093691,55.6413663707496,S:t Nicolai kapell - Knäbäckskapellet
14.3213260197228,41.0491146847506,San Nicola Ovest
14.3226144733348,41.0501581029957,San Nicola Est
14.3227511070895,41.0492005190927,San Nicola Est
14.331329029906,41.0518139755446,San Nicola la Strada
14.4651888768548,41.1448405980267,San Nicola
14.5352609724457,41.4203012563154,S. Nicola
14.6973249548754,55.098986072449,Sankt Nicolai Kirke
14.6998211035554,37.3883630770325,Contrada San Nicola
14.7006237482617,41.0221768183662,San Nicola
14.7056520680646,37.3864644183296,Monte San Nicola
14.7164181072502,42.1329925635899,Parcheggio San Nicola
14.7593474268684,40.8217458189574,Chiesa di S.Giovanni Battista e S.Nicola da Tolentino
14.7936080938264,37.2738225704446,museo di San Nicola
14.7951102566445,41.1301300787242,San Nicola 1
14.8249399834635,41.0741179567008,San Nicola Manfredi
14.836341311218,36.8505078980342,grotta di San Nicola
14.8470419530509,40.896267615734,Villa San Nicola
14.8720126924982,38.0565837100125,Contrada San Nicola
14.9659738661028,38.137751656283,San Nicolò di Bari (San Nicola)
14.9846411272014,40.2226627744356,San Nicola a Mare
14.986832567337,40.2182248544753,San Nicola a Mare
15.0112852483599,37.8791180961088,Agriturismo Borgo San Nicolao
15.021409620938,37.6354823215923,Monte San Nicola
15.0222677815289,40.2423866677568,Chiesa di San Nicola
15.0800177761991,37.5042026847298,Cupola di San Nicola
15.0805944946115,37.5041399010034,Tetto di San Nicola
15.0806051845634,37.5042579856755,Tetto di San Nicola
15.1142286764904,40.4758979895251,Scuola Media Nicola Vernieri
15.119898213743,41.5825905894292,Chiesa di San Nicola Vescovo
15.1861859765365,40.140943411628,Chiesa di S.Nicola
15.1991479474342,41.0585209745444,San Nicola Baronia
15.2475958873373,38.105901472459,Santa Nicola
15.2806987157256,40.0887433924793,San Nicola
15.3461059498776,40.4001436118712,Museo Sacro San Nicola di Bari
15.3672970277669,40.387285613289,Resti della chiesetta di San Nicola
15.3820724277286,41.6859794606563,San Nicola
15.5015823168342,42.1187372773532,Punto più Orientale isola S. Nicola
15.542671796919,38.2710082714813,Massa San Nicola
15.6784596081305,38.0869540730883,Chiesa San Nicola di Bari
15.6787753659529,38.0870052629075,Bar San Nicola
15.6944116214514,38.2121614731187,San Nicola
15.7243745684271,37.968699817783,San Nicola
15.783752130729,40.3952270789982,Monte San Nicola
15.7933769501776,39.845900956455,San Nicola Arcella
15.8045774146346,40.733247467514,San Nicola
15.8422097283485,40.0530586759644,"ISIS ""Nicola Miraglia"""
15.8453137669812,59.3963664974942,S:t Nicolai
15.9844970303037,38.314470266584,Varapodio - Piazza San Nicola
15.984744605996,38.3143193610448,Varapodio - Piazza San Nicola
16.1601180276752,38.292799314309,San Nicola
16.200102490129,38.3149970590779,S. Nicola
16.2848009551759,38.663580973376,San Nicola da Crissa
16.3284759663115,38.3002729871254,Chiesa di San Nicola
16.3746924910489,38.4133331152583,Santo Nicola
16.4268007064087,38.5695968715297,Monte San Nicola
16.4296805255465,41.2674854130073,San Nicola Pellegrino
16.4527858234748,38.4765869749242,Santo Nicola
16.4886706444664,41.1184183139309,Focacceria San Nicola
16.5443818227678,39.3127702030777,San Nicola Silano
16.6351704162834,40.6405782735877,San Nicola all'Ofra
16.6893712570976,41.1095358738738,Panificio San Nicola
16.8547752655851,41.0990279841723,Sheraton Nicolaus Hotel
16.9231183737487,39.1535697846895,Agriturismo Santa anastasia Mauro Nicola Vincenzo
16.9708492783921,39.2904183623041,San Nicola dell'Alto
16.9743289026451,40.9572947609362,Masseria San Nicola
18.1727268565824,40.3565094158817,Chiesa di San Nicola dei Greci
18.4301751236897,42.4524419999416,Sv. Nicola
21.8127479985448,46.0709960783274,Biserica Sf. Ierarh Nicolae
21.9275949126736,47.0541196802871,Sfântu Nicolae
22.7909945681615,46.1302379942581,Sfântul Nicolae
22.8053278173403,45.5824792962096,Biserica Densuș (Sf. Nicolae)
22.825604859428,44.8605705746409,Sfântul Nicolae
22.8954775290259,45.7462491042406,Biserica Sfântu Nicolae
23.1977988903632,45.8371957612298,Biserica Sf. Nicolae
23.2749113523304,45.0476744008749,Școala Generală Sfântul Nicolae
24.3508923790711,47.6580706832743,Biserica Lemn Sfântu Nicolae (a Balenilor)
24.3533369644538,44.1130492842744,Biserica Sf. Nicolae
24.3552420216768,47.6625456620903,"Biserica de lemn ""Sfântul Nicolae"""
24.3557794837113,44.4270208998343,Biserica Sf. Nicolae
24.6290840037301,45.9722969629961,"Colectia de obiecte bisericesti de pe langa Biserica ""Sf. Nicolae"""
24.7908249519836,46.0217719673864,"Colectia de obiecte bisericesti de pe langa Biserica ""Sf. Nicolae"""
25.5812050496019,45.6356327958721,"Biserica ""Sfântul Nicolae"""
25.6716291966068,45.1742147053984,Biserica Sf. Nicolae
25.7175049005254,35.2045730241186,St. Nicolas Bay
25.8023602114209,46.360230793578,Mănăstirea Sfântul Nicolae
25.8487609806231,45.0937099876774,Sfântul Nicolae
25.8924363510847,45.1992283963176,Pensiunea Sfantul Nicolae
25.9684076831465,44.14391661904,Biserica Sfântul Nicolae
26.0738454633264,44.4530006171436,Statuie Nicolae Titulescu
26.0774617213341,44.4869706831402,Biserica „Sfântul Nicolae” Băneasa
26.0826662905957,44.4493369054408,Biserica Sfântul Nicolae - Buzești (Dulgheri)
26.0895773894026,44.5524066998784,Biserica Sf. Nicolae
26.0950329479546,44.4235112023153,Biserica Sfântul Nicolae Șelari Vlădica
26.0995234463968,44.4367712060736,Biserica „Sf. Nicolae”
26.1012628542815,44.4326681662042,Biserica Sfântul Nicolae Șelari
26.1017954654134,44.4338469072096,"Biserica ""Sf.Nicolae"" - Rusă"
26.1046610911698,44.4701196655821,Biserica Floreasca - Sf Nicolae
26.1067395232426,44.4199284080132,Biserica Sfântul Nicolae - Tăbăcari (Broșteni)
26.1096488969533,44.4339658961239,Biserica Sfântul Nicolae - Negustori
26.1783543855025,44.438801067077,Spitalul Nicolae Malaxa
26.1787918650459,44.4389310137508,Spitalul Nicolae Malaxa
26.1789672161893,44.4390759045928,Spitalul Nicolae Malaxa
26.1905616817299,44.4333875628264,Parohia Sfântul Nicolae – Malaxa
26.2562544903108,47.6459522757379,Biserica Sfântu Nicolae
26.3139455554983,45.2469038034845,"Biserica ""Sf. Nicolae"""
26.33741898303,44.456274761188,Sfântul Nicolae
26.4920976460144,46.9602125851145,"Biserica ""Sf. Nicolae"""
26.5813559594435,45.2760213861413,Sf Nicolae
26.8463121660325,47.470656663502,Mănăstirea Lacuri (Sf Nicolae)
27.1822949282017,45.6959962157059,"Biserica ""Sfântul Nicolae Vechi"""
27.2772589809895,47.2122618943321,Biserica Sfântul Nicolae
27.3074119216478,44.2092590673717,Biserica Sfântul Nicolae (Mircea Vodă)
27.3145575705753,37.6686305773936,Gelebeç - Saint Nicolas Church (1821)
27.3836635280782,47.3182313156868,Biserica Sfântul Nicolae
27.4326033854309,47.3005410613957,Biserica Sfântul Nicolae
27.4503347816665,46.7334025955001,Mănăstirea Sfântul Nicolae - Fâstâci
27.5379597782461,47.0965301637283,Sf Nicolae
27.5659899100564,47.1782122781909,Statuia Nicolae Gane
27.5663807670366,47.1781067658693,Statuia Nicolae Tonitza
27.5673949649923,47.169847761277,Sf Nicolae
27.5952761561286,47.1443307709066,Biserica Sfântul Nicolae - Socola
27.6015607698563,47.206826401536,Biserica Sfântul Nicolae Aroneanu
27.8895310055407,46.0869519693512,"Colectia muzeala a Bisericii Ortodoxe ""Sf. Nicolae"""
27.9716833755778,45.2683587948674,Biserica Sfântul Nicolae
28.032963300157,45.4313204190993,Grădinița nr. 9 Sf. Nicolae
28.0544687883957,45.4471614097676,"Catedrala Episcopala ""Sf. Nicolae"""
28.0574894633701,45.4340079610786,"Biserica ""Sf. Nicolae"""
28.1353499524744,45.2499599657533,Mănăstirea Sf Nicolae
28.5658976459507,47.0521629886049,Mănăstirea Sf. Nicolae
28.627722129255,44.1855726934966,Biserica Sfântul Nicolae
28.661065795971,44.172644406005,Biserica Bulgară Sfântul Nicolae
28.8205154114293,47.0329296084917,Biserica Sf. Ierarh Nicolae
29.3200909988102,36.2751409031028,Pension St. Nicolas
35.1889652215037,31.7160539046819,St. Nicolas Church
44.8070643735049,41.7015094662519,წმინდა ნიკოლოზის სახ. (Saint Nicolas Church)
46.3171148489618,-15.7144933611915,Église Orthodoxe Saint Nicolas
79.8604621405363,7.07040198192597,St.Nicolas Church
120.508986291649,14.97441720154,San Nicolas Chapel
120.575597537777,18.1207042262783,Batac - San Nicolas
120.588185090864,15.1389178279627,San Nicolas Public Market
120.58870737137,14.9340487106119,San Nicolas Tolentino Church
120.589951088881,18.1812108770722,Laoag - San Nicolas
120.594366667829,18.1749059509904,San Nicolas
120.59453249683,18.17322839415,San Nicolas Municipal Health Office
120.594615680825,18.1727983122391,San Nicolas Central School
120.598905495633,14.9387949948334,San Nicolas 1st
120.599495958269,14.9426668150432,San Nicolas 1st Brgy Hall
120.686455932044,14.9688478738823,San Nicolas Chapel
120.706427906261,14.8915129597691,San Nicolas
120.719625145932,15.0668106281449,Deedan's San Nicolas Cookies
120.728928638003,14.8266547214722,San Nicolas
120.762471371386,16.0703504573346,San Nicolas
120.816298063885,12.7259029610075,San Nicolas
120.9357809137,15.3015557619022,San Nicolas National High School
120.935885747094,15.303780672351,San Nicolas Central School
120.951766074855,13.9297505314751,San Nicolas Police
120.952113363544,13.9302945947378,San Nicolas
120.95232707275,13.9287062577412,San Nicolas Market
120.967316990401,14.5987848580574,San Nicolas
120.970309637939,14.5967550903756,San Nicolas Fire Station
120.975038908584,14.4335789592193,San Nicolas 2
121.078139991047,14.5630309470745,San Nicolas Barangay Hall
121.078171252418,14.5631586698099,San Nicolas Health Center
121.284479688042,14.1819265785035,San Nicolas
121.291736817897,14.068059021381,San Nicolas
122.523070154253,11.3207121511312,San Nicolas
122.900000013535,11.0358330023985,Mount San Nicolas
123.869515317916,10.2879463649327,Basak San Nicolas
124.161696945484,9.60553699177361,San Nicolas de Tolentino Church
125.438481352124,7.30463306199288,Purok San Nicolas
125.493860513096,9.78991947421438,San Nicolas de Tolentino Cathedral
125.563221232814,7.09812158243856,San Nicolas Homeowners Association
125.617487830307,7.11202795672679,San Nicolas
125.617980735903,7.26196912345464,Barangay San Nicolas
125.618112878082,7.26277272528942,Barangay San Nicolas Health Center
126.218857271749,6.95067422620944,San Nicolas de Tolentino Parish
152.700363061912,-25.5423061062779,Sullivan Nicolades
153.024111847889,-27.5312824018056,Sullivan and Nicolaides
172.619755292315,-43.5583344419941,St. Nicolas Anglican Church
