6.0288885191393,50.6285938150607,Sankt Nikolaus Hospital
6.07313827239363,51.0143361863043,St. Nikolaus-Kirche Waldenrath
6.17818995666442,50.8366153051014,St. Nikolaus
6.24372493124985,50.8847406697875,St. Nikolaus
6.29346572650989,50.0109226701534,St. Nikolaus
6.34100322387256,51.2065480090776,St. Nikolaus
6.46391018205663,50.7905289015155,St. Nikolaus
6.46563180329864,51.4694133901025,Marienkapelle der St. Nikolaus Schützenbrüderschaft Rheurdt 1535 e.V.
6.47651812690077,50.7925134746984,St. Nikolaus Alten- und Pflegezentrum
6.49912656664538,50.5716982923798,St. Nikolaus
6.52443731842767,49.5065442986888,Sankt Nikolaus Apotheke
6.52582341891107,49.5044320112413,Kath. Kirche Sankt Nikolaus
6.57054101476537,49.8987649653488,St. Nikolaus
6.57486846898356,49.6949531166659,Sankt Nikolaus
6.60698467769529,51.5420399874692,Sankt-Nikolaus-Krankenhaus
6.6222041149019,50.7021420804015,St. Nikolaus
6.62307862483099,50.701818460679,Berufskolleg St.-Nikolaus-Stift Füssenich
6.63878018785058,51.0767406062077,St. Nikolaus
6.65159708082982,51.353175873522,Kath. Kita St. Nikolaus
6.69119742366813,49.2917629023254,Pfarrkirche St. Nikolaus
6.69387485237245,49.2916108056005,Kath. Kindergarten Felsberg St. Nikolaus
6.72568213045796,51.459492578151,Sankt Nikolaus
6.82407145942408,49.1712450743002,St.Nikolaus Ortsmitte (Linde)
6.82555592543109,49.171642863808,St. Nikolaus
6.82975959180313,49.1705732943594,St.Nikolaus Schulstraße
6.83762928284966,49.1679558616121,St.Nikolaus Abzweigung
6.83846705168363,49.1681001752482,St.Nikolaus Abzweigung
6.84285029128096,49.8332735656894,Wein- & Sektmanufaktur Nikolaus Thul
6.85074450633474,49.8970924905326,St. Nikolaus
6.87612191311112,51.7199236837712,St. Nikolaus vor dem Fluß
6.92469211372442,50.9180886884542,Katholische Kindertagesstädte St. Nikolaus
6.949538975494,51.6615454066928,St. Nikolaus
6.95018046243839,51.6610972801083,St. Nikolaus Kirche
6.95162980431779,50.3404582954626,St. Nikolaus
6.95710072406113,49.9078693681805,Pfarrkirche St. Nikolaus
7.01054500374301,50.9434879124446,Catering Service Nikolaus Gross Haus
7.03160618524225,50.9993042865014,St. Nikolaus
7.03650793242157,51.4759020979335,Kita St. Nikolaus
7.06986929594862,49.918480497366,Alter Friedhof St. Nikolaus Hospital
7.07023670689983,49.9182270977161,Caristag-Altenzentrum Mittelmosel Altenpflegeheim St. Nikolaus
7.07132690232863,49.9157526070361,St. Nikolaus-Hospital
7.08913097227071,50.5711401957117,Grundschule St. Nikolaus
7.10830802729304,50.7128131112107,Bücherei St Nikolaus
7.13316144676419,52.0064459015901,St. Nikolaus Apotheke
7.23633547242811,52.6252867692113,Sankt Nikolaus
7.58143415843756,47.6263731659172,St. Nikolaus
7.59118510135209,47.4958287838394,Kindergarten St. Nikolaus
7.61548228399932,50.2287428015749,Kath. Kindergarten St. Nikolaus
7.61597734555239,50.2290947881196,St. Nikolaus
7.65283755727956,50.3680591060671,Pfarr- und Wallfahrtskirche St. Nikolaus
7.67060623359944,49.3622323926511,St. Nikolaus von der Flüe
7.71978630045913,47.9999024737054,St. Nikolaus
7.72340965515763,48.0128391630893,Opfingen St. Nikolaus
7.72346526087372,48.0128332137766,Opfingen St. Nikolaus
7.72370493139152,48.0114571012829,Opfingen St. Nikolaus
7.72374472675861,48.0114685795555,Opfingen St. Nikolaus
7.72486645305389,48.012953101309,St. Nikolaus
7.76960165588775,50.0575764783543,St. Nikolaus
7.81399927183785,48.2650333674224,St. Nikolaus
7.86946170663703,52.5427796142286,Artländer Dom St. Nikolaus
7.88629415876781,50.8080829874666,Sankt Nikolaus Kita
7.89337126623916,51.354651765726,St. Nikolaus Grundschule
7.89376436900749,51.3549691761964,St. Nikolaus
7.90088621257999,46.8530638789401,Pfarrkirche St. Nikolaus
7.92425220160369,48.5091147767197,St. Nikolaus
7.9414040946495,48.3094759751068,St. Nikolaus
7.96610120726121,51.1922550896015,Sankt-Nikolaus-Kapelle
8.01173625251518,51.1380681828519,St. Nikolaus Kindergarten
8.01733868561612,51.1373498691079,St. Nikolaus Grundschule
8.04394337073366,49.3732457179496,Katholisches Pfarrzentrum St. Nikolaus
8.0492593310905,51.9961558908339,St.-Nikolaus-Schule
8.05216097928973,48.3285351744167,Kapelle 'St. Nikolaus'
8.10031409211662,51.4360726168186,St. Nikolaus von der Flüe
8.11013725957999,47.1984880611615,Kirche St. Nikolaus
8.11145760338459,52.9929554738263,SV Nikolausdorf-Beverbruch e.V.
8.1571449305881,49.3739069057736,St.-Nikolaus-Kapelle
8.16498946880667,50.870114211681,St. Nikolaus
8.16784135033917,50.8710477885162,Katholischer Kindergarten St. Nikolaus
8.16825125160331,51.375476085337,St. Nikolaus Apotheke
8.26043672538577,49.465738509929,St. Nikolaus
8.26656530174862,50.001706084262,Caritas - Beratungszentrum St. Nikolaus
8.26784656883836,50.2974672746056,Schuhhaus Nikolaus Schmidt
8.3022490797797,47.3339993956589,Pfarrkirche St. Nikolaus Waltenschwil
8.30864023370009,48.7805762712295,St. Nikolaus
8.32245982619946,49.5614963851302,"Hl. Kreuz, St. Peter und St. Nikolaus"
8.40555821206235,51.3328425112322,St. Nikolaus
8.42727507388747,49.4203089016652,St.Nikolaus
8.43983837246199,48.5377627665407,St. Nikolauskirche
8.47001448965461,49.5085368004256,St. Nikolaus-Kirche
8.4813395504415,49.1552606657372,St. Nikolaus
8.48172870062258,51.3190015833487,Grillplatz der Schützenbruderschaft St. Nikolaus Wulmeringhausen
8.49045520478711,51.3555158037076,St. Nikolaus
8.49228507302086,51.3555459847163,Katholischer Kindergarten St. Nikolaus
8.54790929440271,50.1587268037331,Sankt Nikolaus
8.56117812980138,51.5494662713248,Sankt Nikolaus Hospital
8.59406985409789,49.3913970768013,Katholischer Kindergarten St. Nikolaus
8.64668876169672,48.2061455098154,St. Nikolaus Kirche
8.67973688268419,51.2482551147277,St. Nikolaus
8.71155538971076,48.1913331119682,St. Nikolaus Kirch Zepfenhan
8.71478537214634,49.2584109162857,St. Nikolaus
8.72157223394939,49.3814630823713,Sankt Nikolaus Bildstock
8.72162882781229,49.38153127246,Sankt Nikolaus Bildstock
8.75453465565876,50.15936688983,Sankt Nikolaus Kirche
8.75574854910219,48.494988715069,Kath. Kirche St. Nikolaus
8.75766474543475,49.6216800600978,Spedition Adam Nikolaus Spilger & Soehne GmbH & Co. KG
8.84234946625787,48.1311125174805,St. Nikolaus
8.85153752481537,47.8457134798119,Pfarrkirche St. Nikolaus
8.87181950763716,48.0213292144732,St. Nikolaus
8.9181652101124,48.3096939935091,St. Nikolaus
8.96718295140025,50.0755495097097,St. Nikolaus Kindergarten
8.98593357615721,48.3291848018039,St. Nikolaus
9.00585533455007,51.2448001700775,Sankt Nikolaus
9.00868305140142,51.322601796392,Sankt Nikolaus
9.01145767781948,47.8212780734421,St. Nikolaus
9.03709119428336,48.0864723599101,St. Nikolaus (kath.)
9.06658575966991,47.7162423864009,Kindergarten St. Nikolaus
9.10421762422613,51.803424404055,Wohnstift Sankt Nikolaus
9.11174918939972,51.8004529692373,St. Nikolaus
9.11175466912295,51.8003455870679,St. Nikolaus-Brunnen
9.11310762177236,51.804103310901,Sankt Nikolaus Apotheke
9.13842061934287,48.7790097961943,Schwarzmarkt der Nikolauspflege
9.1566618095022,49.7947579927273,St. Nikolaus
9.15696301461696,49.7944848070602,Pfarramt St. Nikolaus
9.15760090830022,49.7940316784652,Pfarrzentrum St. Nikolaus
9.18451865629428,49.9991970766605,St. Nikolaus
9.23451565107334,51.609830780587,St. Nikolauskirche Natzungen
9.27078001027255,48.2552287642751,St.-Nikolaus-Kirche
9.28224862184185,49.3622818878473,St. Nikolaus
9.40290682737518,48.2436081902838,Sankt-Nikolaus-Kirche
9.4077513518709,47.8662273715138,St. Nikolaus
9.50760188047817,47.0694694763192,Kirchturm St. Nikolaus
9.54079139629136,47.8032570012741,St. Nikolaus
9.57878824634752,50.4053675062132,Kindergarten St. Nikolaus
9.65526829435466,47.7433841677991,St. Gallus und Nikolaus
9.6587400134332,49.6469316746592,St. Nikolaus
9.71385462055437,52.390847688471,St. Nikolaus-Findling
9.75995580160927,48.068011364486,St. Nikolaus
9.78870251952179,47.8362883742134,St.Nikolaus
9.79150966495314,47.6456099712822,St. Nikolauskapelle Untermooweiler
9.79926518012705,48.1867986610676,St. Nikolaus
9.81581807654141,48.8291356963455,St. Nikolauskirche
9.827260726799,48.2135700959107,St. Nikolaus
9.82988362776557,49.7581244967111,Katholischer Kindergarten Sankt Nikolaus
9.83285929714421,47.6274743722726,St. Nikolaus
9.89208657129914,51.4230553902302,St. Nikolaus
9.89248659109516,48.2382579122288,St. Nikolaus
9.91830866393718,49.424403273306,St. Nikolaus
9.92482198873621,51.1063662980994,St. Nikolaus
9.92768896196548,50.6813896003917,St. Nikolaus
9.93460194723442,49.782372510546,Sankt Nikolaus
9.95411991290707,50.0104056999356,Sankt Nikolaus
9.96631966328611,52.1763649806634,Sankt Nikolaus
9.98207916764154,51.5698211625259,UKW-Sender Göttingen-Nikolausberg
9.9827661093393,49.7775597743923,St. Nikolauskirche und Kapelle
9.98277670945966,49.7776353024666,St. Nikolaus-Kapelle
9.98453399381845,49.7783050143806,Kath. Kindergarten St. Nikolaus
9.9877268758328,51.5630317011032,Stadtbücherei - Zweigstelle Nikolausberg
10.0152639223837,52.4498053977316,St. Nikolaus
10.0346236049033,52.1954863107536,Sankt Nikolaus
10.0429247567808,48.4805689617045,St. Nikolaus
10.0995395504265,50.2853598907422,Infotafel St. Nikolaus Kirche
10.1222460862001,47.9213960712942,St. Nikolaus
10.1428944918263,48.1846551152545,Sankt-Nikolaus-Straße
10.1588071589376,49.7708530850195,Sankt Nikolaus
10.1716725609422,49.0192427674788,St. Nikolaus
10.1744580569752,49.8273769677836,Sankt Nikolaus
10.1751771583601,49.4399051939976,St. Nikolaus
10.2026027239843,51.4772983898392,Sankt Nikolaus Böseckendorf
10.2814105763872,50.2546099062967,St.Nikolaus
10.2915136588931,47.0123637826776,Hotel Garni St. Nikolaus;La nona
10.3346099753226,48.2996135072635,St. Nikolaus
10.421657445006,48.9416148741222,St. Nikolaus
10.4282014921878,49.3783574089422,St. Nikolaus
10.4334207039885,48.4676980942899,Sankt Nikolaus
10.4347538937017,48.1418015179913,Pfarrkirche Sankt Nikolaus
10.4604079815856,47.9976162921792,Kapelle Sankt Nikolaus
10.4777835551371,50.0914993986901,Kirche St. Nikolaus
10.5094478214294,48.4565482753956,Jubiläumsweg Sankt Nikolaus 1921-1996
10.5109612131886,48.4555481174565,Jubiläumsweg Sankt Nikolaus 1921-1996
10.5131886757671,48.4659028014939,St. Nikolaus
10.521465932458,48.4558414705643,Jubiläumsweg Sankt Nikolaus 1921-1996
10.5325521312108,49.3001798689861,St Nikolaus
10.5330755795269,49.301314585518,St. Nikolaus
10.5558255937603,47.581169068323,St. Nikolaus Apotheke
10.5613663126012,48.5198812854666,Sankt Nikolaus
10.5854986543938,49.9885418055539,St. Nikolaus Kindergarten
10.5923835223943,49.2374519685385,St. Nikolaus
10.5940582515785,48.1983517812569,St. Nikolaus
10.5969616065768,49.6374020623199,Kindergarten St. Nikolaus
10.6026122792085,48.498438662078,Sankt Nikolaus
10.6040838094754,48.4830448649245,Sankt Nikolaus
10.6146133222467,48.6610495751624,St. Nikolaus
10.6529147011842,48.1043464771213,Sankt Martin und Sankt Nikolaus
10.6681953136616,52.1471706831579,St. Nikolaus
10.6881607301773,52.1864094103962,St. Nikolaus
10.6926952460685,48.3413271956613,St. Nikolaus
10.7620046719832,49.8351279828877,St. Nikolaus
10.7815233563081,50.2000033756509,St. Nikolaus
10.7881176193142,48.5537435999822,St. Nikolaus
10.8080586016541,49.70461559924,Sankt Nikolaus
10.8649622934952,47.9643888990795,St. Nikolaus
10.8703887466319,48.6692101820978,St. Nikolaus
10.9124556835774,48.8387602163785,Sankt Nikolaus
10.9192492827451,46.5070174941585,Sankt Nikolaus
10.9224063219796,46.5088956097228,Sankt Nikolaus - San Nicolò d'Ultimo
10.9239269900925,46.5126285867307,Sankt Nikolaus
10.9277009922642,46.5109682810221,Sankt Nikolaus
10.9341412840306,46.5144786896593,Sankt Nikolaus
10.9467664765282,48.9862757105756,St. Nikolaus
10.9550599927258,48.7790656178391,Sankt Nikolaus
11.0177621300628,48.1405446646834,St.-Nikolaus
11.0211574923421,48.1646205775205,Sankt Nikolaus
11.0235421600954,50.9164507893655,Sankt Nikolaus
11.0356485755164,49.6631884980394,Evang. Kindergarten St. Nikolaus
11.0735625110718,50.9513028103047,Katholische Kindertagesstätte St. Nikolaus
11.0885871935248,47.7670534171122,Sankt Nikolaus
11.0913498723496,48.5096333744251,Sankt Nikolaus
11.1010518570812,49.69054070651,St. Nikolaus
11.1392183988945,50.6943077848256,St. Nikolaus
11.1464464233336,49.3539583890912,Sankt Nikolaus
11.1561060974152,48.2056820660679,St. Nikolaus und St. Silvester
11.1834547672511,47.5947660036278,St. Nikolaus
11.1834790217638,49.780167571155,Berufsfachschule für Altenpflege St. Nikolaus
11.1931803776746,48.3707537087664,Sankt Nikolaus
11.2151006180801,50.3902524839277,St. Nikolaus Kirche
11.2338697481319,46.4187738653275,St. Nikolaus
11.2643390754332,47.4436315931964,St. Nikolaus
11.2663045892749,47.9547927992261,St. Nikolaus Kapelle
11.2663591170126,48.8881846996266,St. Nikolaus
11.2685668166549,48.8853087046681,St. Nikolaus
11.2847364019375,49.5385725101336,Sankt Nikolaus
11.3304000136175,48.8732355069011,Kirche St. Nikolaus
11.3358438940708,50.4276480967138,Sankt Nikolaus
11.3450353662264,48.3367788618387,Sankt Nikolaus
11.3551552472281,48.1160462171776,Sankt Nikolaus
11.3814529780131,47.9623374855051,St. Nikolaus
11.4209956490101,49.2279740922987,St. Nikolaus
11.4323463117826,47.6058312859328,Pfarrkirche St. Nikolaus
11.4343959977664,48.2907416158141,St. Nikolaus
11.4640700465467,48.0919884982486,St. Nikolaus - Dorfkirche
11.4664900180906,48.0901776730156,Sankt Nikolaus
11.4799412114919,48.368234194338,St. Nikolaus
11.4923587134959,48.4514072730162,Sankt Nikolaus
11.5311964764895,49.9367384820324,Kindergarten St. Nikolaus
11.5365116283626,50.4650644636372,Sankt Nikolaus
11.5510803259774,48.589885906449,St. Nikolaus
11.5735863577796,48.2385308600727,Schwaige Niederhochmutting mit Nikolauskapelle
11.5967338765262,47.9535132046263,Sankt Nikolaus-Kapelle
11.6178139226464,48.4681037105215,St. Nikolaus
11.6432796338152,48.1580333621805,St. Nikolaus
11.6833093713593,48.0065881602668,St. Nikolaus
11.6844204975342,48.4393929691756,St. Nikolaus
11.6942890299195,48.5233163894682,St. Nikolaus
11.7244352332131,48.1092320943337,Sankt Nikolaus
11.782527216512,46.7305131617685,St. Nikolaus
11.8209644207204,49.0983180170905,Kindergarten St. Nikolaus
11.8524801056647,48.4363798603164,St. Nikolaus von Flüe
11.8747165530502,46.7954214992978,St. Nikolaus
11.8924968176372,48.2969995170265,St.-Nikolaus-Schule
11.9215287506524,47.7849176793798,St. Nikolaus
11.9907408890219,48.405465659776,St. Nikolaus
11.9917482597815,47.97619846145,St. Nikolaus
12.0208260068762,48.7287921928452,St. Nikolaus
12.0298841690436,49.3691638677454,St. Nikolaus
12.0392412007061,50.625467787918,Dorfkirche St. Nikolaus
12.0649941032712,47.5845632709485,Pfarrkirche St. Nikolaus
12.0673570317946,48.7730137875954,St. Nikolaus
12.0808406543777,48.4037903033748,Pfarrkirche St. Nikolaus
12.0941679701013,49.6312809990634,St. Nikolaus
12.1036376505004,48.2535030666981,St. Nikolaus
12.1361559451333,48.6590849015309,St. Nikolaus
12.1388021124657,49.3874884167665,St. Nikolaus-Apotheke
12.1441871532679,48.3008370604171,St. Nikolaus
12.1604873535929,48.9130765922837,St. Nikolaus
12.1648513692431,48.3646815143468,St. Nikolaus
12.1749407973567,48.6592635059947,St. Nikolaus
12.214580576236,47.6272434653468,St.-Nikolaus-Apotheke
12.2296209792065,47.6292198842319,Aussichtspunkt St. Nikolaus
12.229978418858,47.6293111175942,St. Nikolaus
12.2306274516508,47.6295443764222,Gasthof St. Nikolaus
12.2314161724703,47.6292260592887,Sankt Nikolaus
12.2314404269829,47.629918387496,St. Nikolaus
12.2932093045712,48.7345762776554,St. Nikolaus
12.3077720733051,48.6586480596406,St. Nikolaus
12.3178728201913,48.6010914775314,St. Nikolaus
12.3294600093781,47.953589972773,Sankt Nikolaus
12.3378593471161,47.8787556166841,Sankt Nikolaus
12.3588094070147,48.812556581846,Sankt Nikolaus
12.3610979550326,49.3239965792172,Sankt Nikolaus
12.530135918339,48.2436692712089,Kath. Kindergarten St. Nikolaus
12.5881559465836,48.8010512611118,St. Nikolaus
12.5905813080191,49.0067636981246,KindergartenSt. Nikolaus
12.6618151049355,48.3383574788168,St. Nikolaus
12.6838083783735,48.2411423983253,St. Nikolaus
12.6890383699577,48.2387692843871,St. Nikolaus
12.6895933491402,48.8527959065599,St. Nikolaus
12.6962720537831,50.5873313833784,Christliche Kindertagesstätte St. Nikolaus
12.7627717291521,48.4045713043478,Stadtpfarrkirche St. Nikolaus
12.7823753042713,51.4538423905923,St.Nikolaus Kirche Röcknitz
12.7954915159032,51.0496098682038,St. Nikolaus e.V.
12.8410779623003,48.2475988767731,St. Nikolaus
12.8583599313993,48.1986785919203,St. Nikolaus
12.874999425407,47.7204085757509,Bücherei St. Nikolaus
12.904264381407,48.4817906129428,Kindergarten St. Nikolaus
12.9574015270932,47.8615820788605,Filialkirche St. Nikolaus Haberland
13.0282665655854,48.6078662058214,St. Nikolaus
13.028752194828,48.7665468149578,Byzantinische Kirche St. Nikolaus
13.1995149234799,49.1194042713338,Kindergarten Sankt Nikolaus
13.3306400292092,52.5909400136918,Kita der Kath. Kirchengem. St. Nikolaus
13.3307948089327,52.5916307905442,Sankt Nikolaus
13.5964291537296,48.6153553066665,Kirche St. Nikolaus
14.0387291467419,48.5757709010942,Apotheke Sankt Nikolaus
14.0578682030277,46.8237272121822,St. Nikolaus
14.3581691634596,47.5245478791172,St. Nikolaus Kirche
14.8242633723915,51.0459978127065,St. Nikolaus-Kirche
15.7292857479169,47.4853733019041,Pfarrkirche St. Nikolaus
15.9281497549496,47.7027335074121,St. Nikolaus
16.1899294288624,48.0748140852467,St. Nikolaus
16.3279623994636,47.0478936996479,Filialkirche St. Nikolaus
16.3286179001264,47.0477761150775,Sankt Nikolaus
16.3423632917833,48.1931151015347,St. Nikolaus-Apotheke
16.3535514493209,48.1460927025134,St. Nikolaus-Apotheke
16.3868862227155,47.9094843819248,Apotheke Zum St Nikolaus Mag pharm St Hartig KG
16.3951773134618,48.1083834670167,Apotheke St. Nikolaus
16.4690883594194,48.3638289966129,Sankt Nikolaus
16.6370446612922,48.3734737182185,Pfarrkirche St. Nikolaus
30.7095354608518,36.8825657242021,St. Nikolaus Alman Kilisesi
32.0292759569059,36.5415963963906,Sankt Nikolaus Kirche
