5.87996124762811,51.0233940385078,Sankt Nikolaus
5.9967966997873,50.9922028944575,St. Nikolaus
6.03266345610212,50.6307441704867,Sankt Nikolaus Pfarrkirche
6.0731197692583,51.0143410698118,St. Nikolaus-Kirche
6.08610704745556,50.7774749308696,St. Nikolaus
6.10122866507621,51.0933472821235,St. Nikolaus
6.11093471981369,50.6757453942547,Sankt Nikolaus-Pfarrkirche
6.18298353113269,51.2407577380874,Pfarrzentrum St. Nikolaus
6.18408159068258,51.2406294926478,St. Nikolaus
6.24246313215926,51.4963683871485,St. Nikolaus
6.24823075986265,50.1143204622128,St. Nikolaus
6.24858072245687,50.1143329967858,St. Nikolaus
6.34142460553381,51.206372186467,St. Nikolaus
6.34169643398243,50.838530498803,Pfarrkirche St. Nikolaus
6.37440218521541,50.8464806366021,St. Nikolaus
6.38049837026648,50.5834948351836,St. Nikolaus
6.42617043919247,51.5350684234794,St. Nikolauskirche Issum
6.43321129568062,51.5376805775376,St. Nikolaus Grundschule
6.43311615068579,51.5378541703818,St. Nikolaus Grundschule
6.43874824921648,50.3542229214675,St. Nikolaus
6.46449359563854,50.7863175694418,Städt. Gemeinschaftsgrundschule Nikolaus-Schule
6.46777226134509,51.4682471419627,Katholischer Kindergarten St. Nikolaus
6.47644167471048,50.7925023064852,Altersheim St. Nikolaus
6.4761934529545,50.792422059606,St. Nikolaus Tagespflege
6.47675257809136,50.7923713921325,St. Nikolaus Alten- und Pflegezentrum
6.47670330782422,50.792551273508,St. Nikolaus-Kapelle
6.49989058552627,49.8140372640362,St. Nikolaus
6.50200916601378,49.7480105670548,St. Nikolaus
6.5515560537053,49.9646539126871,St. Nikolaus
6.57284358504136,49.6931467302516,St. Nikolaus Grundschule
6.60823290332847,51.5414272519496,St. Nikolaus Hospital Rheinberg
6.61483978257697,49.3582010705189,St. Nikolaus
6.61848615889541,51.2704129739588,Katholisches Familienzentrum St. Nikolaus - Osterath
6.61980517169034,51.2693148457027,St. Nikolaus
6.62512166367969,50.1759874582406,St.-Nikolaus Kirche
6.62556152336053,50.1785270879147,St. Nikolaus
6.6816679366979,49.9816957238231,St. Nikolaus
6.68515640855586,49.37920007314,Kath. Kindergarten St. Nikolaus
6.68596344139759,49.3799772540444,St. Nikolaus
6.68816663383462,51.5247297049021,St. Nikolaus
6.71300034248884,49.3291549664364,St. Nikolaus Hospital
6.76224227864037,51.3767471266824,St. Nikolaus
6.76348509548598,51.3763052494043,Katholischer Kindergarten St. Nikolaus
6.7768579878198,50.9598560739554,Seniorenzentrum St. Nikolaus
6.78290662761101,50.9615718985465,Abteikirche Sankt Nikolaus
6.80394128354565,51.166197207905,St. Nikolaus
6.82060026066608,49.1718561197989,St. Nikolaus Weiher
6.82056815042202,51.139159095987,St.Nikolaus Grundschule
6.82770461476046,49.1705188729429,St. Nikolaus
6.90211291373852,49.4032644020832,Caritas-Kindertagesstätte St. Nikolaus
6.92704683438208,50.918972960428,St. Nikolaus
6.93961544121349,50.9078769503828,Sankt-Nikolaus-Grundschule (kath.)
6.94669881270689,49.9999596644797,Filialkirche St. Nikolaus
6.94947821445554,51.6610851834406,Gemeindehaus St. Nikolaus
6.95030002482383,51.6614451200537,Pfarrhaus St. Nikolaus
6.95327854122797,50.6684581021618,Katholischer Kindergarten St. Nikolaus
6.95488777262036,50.6649695272745,St. Nikolaus
7.010028429361,51.2267891916326,Sankt Nikolaus
7.022451127372,50.5246232082583,St. Nikolaus und St. Rochus
7.03291872611672,51.3534176009079,Kindertagesstätte St. Nikolaus
7.03725358825495,51.4759296596777,Pfarrkirche St. Nikolaus am Stoppenberg
7.07046652703398,49.9182751283173,Altenzentrum Mittelmosel St. Nikolaus
7.07118468469818,49.9159930427539,St. Nikolaus-Hospital
7.08923852688215,51.0520998579368,St. Nikolaus
7.10526509910208,50.71366382527,Alte St. Nikolaus-Kirche
7.10700115383873,50.713541964989,Kath. Kindertageseinrichtung St. Nikolaus
7.1079604512835,50.7132081368657,St. Nikolaus-Kirche
7.10822228235757,50.7128352174409,Bücherei St. Nikolaus
7.13303346333564,52.0067294928813,St. Nikolaus
7.1383412345705,52.00792422126,St. Nikolaus Grundschule Holtwick
7.14682428956009,51.4707383083051,St. Nikolaus
7.15703004788327,50.9674121268044,Kath. Kindergarten St. Nikolaus
7.1578863084378,50.9673415096819,St. Nikolaus
7.17778038998891,50.4979366530533,St. Nikolaus
7.18334576576582,50.8974644860295,St. Nikolaus von Tolentino
7.18988010468946,51.5025636412429,Kath. Kindergarten St. Nikolaus von Flüe
7.18984320574684,51.502971305217,Kath. Kirche St. Nikolaus
7.21803156418603,51.0099985935583,St. Nikolaus
7.22508066780918,53.3393901806482,St.-Nikolaus-Kirche (Alte Kirche)
7.25875122109787,46.7954986651766,Pfarrkirche Sankt Nikolaus
7.27166325271185,52.0251953106487,Kindergarten St. Nikolaus
7.27269755575396,52.0257925437337,St. Nikolaus
7.28109576522678,50.5884282680767,St. Nikolaus
7.39816113643038,51.1181014325338,Pfarrkirche St. Nikolaus
7.40398181023875,51.1177413991159,Sporthalle Nikolausschule
7.40485162395982,50.4406876112089,St. Nikolaus-Stiftshospital
7.47093454985364,52.0478847232934,St. Nikolaus Kindergarten
7.47466678323445,53.7450889637099,Sankt Nikolaus
7.47512698872569,53.7448259407197,Katholisches Pfarrheim St. Nikolaus
7.50881677107988,50.2281328777132,St. Nikolaus
7.51244440164327,50.2379012006149,St. Nikolaus
7.55537164252129,49.4460344008988,St. Nikolaus
7.55906286675457,51.5142984059976,Sankt Nikolaus von Flüe
7.56507424432854,49.4092060468153,Diözesan-Kinderheim St. Nikolaus
7.59078032534028,47.4926228338219,St. Nikolaus
7.59096489607405,47.4959150256896,Pfarreiheim St. Nikolaus
7.59519881281905,47.7634852111262,St. Nikolaus
7.6029508994571,52.684436748999,St. Nikolaus
7.61236034276469,51.9667367724787,KiTa St. Nikolaus
7.69416248340125,47.6431662363843,St. Nikolaus
7.72483133182758,48.0122338891086,St. Nikolaus
7.72912183020522,51.9196001384131,Kindergarten St. Nikolaus
7.73036368595769,51.9178446931979,St. Nikolaus
7.73053169344372,51.9184398912758,Pfarrbücherei St. Nikolaus
7.76265876233787,50.0880696357737,St. Nikolaus
7.80144959620241,50.0447198851631,Kath. Kita St. Nikolaus
7.85627407020793,49.8467510526585,St. Nikolaus
7.8707654034668,51.0368738092763,St.Nikolaus Kindergarten
7.90487190274833,50.1132699301858,St. Nikolaus
7.95962720434743,51.2603626901208,St. Nikolaus
8.00711265267842,47.3966297959758,Pfarrei St. Nikolaus
8.00941364321188,47.9423303394353,Sankt Nikolauskapelle
8.01296631281289,50.0895306192827,Sankt Nikolaus
8.01531536783653,51.1300950031343,St. Nikolaus Pfarrkirche
8.04494685714763,52.1567183994886,Fleckenskirche St. Nikolaus
8.04674625925304,49.0605229409592,St. Nikolaus
8.06570860018085,50.3886590298369,Diözesanes Zentrum St. Nikolaus
8.07060660585441,48.1734805690427,St. Nikolaus
8.07179152704692,48.176616886862,St. Nikolaus
8.08273238972779,48.6358700704183,Kindergarten St. Nikolaus
8.08960712238104,51.2811196006895,St. Nikolaus
8.09576280580674,50.4194609559878,St. Nikolaus
8.10734655794011,47.1999382518194,Kapelle St. Nikolaus
8.11841023372968,48.5894185979379,Pfarrkirche St. Nikolaus
8.14057902050133,49.5423703758936,St. Nikolaus
8.15147436834146,49.3541677557826,Katholischer Kindergarten St. Nikolaus
8.17083269233828,51.3749999233996,St. Nikolaus Pfarrkirche
8.17140649158908,51.7398064405211,St. Nikolauskirche
8.17204910146318,51.740300248206,Kindergarten St. Nikolaus
8.17305580384252,51.3755336271735,St. Nikolaus Schule Freienohl Grundschule
8.17323888892223,51.3754078216308,St. Nikolaus Grundschule Schulhof
8.17349660837686,51.3731270877185,St. Nikolaus Kindergarten
8.17386674851426,51.3749391504322,Schützenhalle St. Nikolaus Freienohl
8.17435767580934,51.7401237684345,St. Nikolaus Grundschule
8.17804236837138,47.8175125340707,Sankt Nikolaus
8.20274935153155,47.8682914084505,Sankt Nikolaus
8.22214055320925,52.5846773741126,St. Nikolaus Kindergarten
8.23239546761628,48.0463084374969,St. Nikolaus
8.28027390042878,49.1916406677429,Sankt Nikolaus
8.30640303713528,47.4731894057024,Burgkapelle St. Nikolaus
8.34018021319976,47.3518493041731,St. Nikolaus
8.45259269173791,49.0286646487839,St. Nikolaus von der Flüe
8.47535248824386,48.9991790320436,Kindergarten St. Nikolaus
8.5057944824189,51.4996527628943,St. Nikolaus Kapelle
8.50677048515513,49.5010028310803,Schlosserei Nikolaus Wetzel
8.55948542597555,51.5531547164594,St. Nikolaus
8.5934038202534,49.3921878761051,Katholische Kirche St. Nikolaus
8.61628415953375,50.0365224807931,Sankt Nikolaus
8.62312180017835,49.1787297595306,St. Nikolaus
8.6235278441212,49.1777903398768,St. Nikolaus
8.6484384324123,52.3091917886819,St.-Nikolaus-Kirche
8.74500413928205,50.1856555802926,St. Nikolaus
8.75964383915195,53.1175169709179,St. Nikolaus
8.77004853851004,47.6853579910998,St. Nikolaus
8.77415864722246,52.2681048506348,Evangelische Kirch St. Nikolaus zu Bergkirchen
8.80575607402229,50.087756804717,Sankt Nikolaus
8.84167896985155,50.3071618491393,Kath. Kirche St. Nikolaus
8.86256993795572,47.7246774598222,St. Nikolaus
8.88368116312326,50.0261246611807,Sankt Nikolaus
8.88883315023919,50.0258070466703,Katholische Kindertagesstätte St. Nikolaus
8.89775474840672,47.1766702715456,St. Nikolaus Kapelle
8.89807096528151,47.5571767377434,St. Nikolaus
8.91300943971917,50.1163955666383,St. Nikolaus
8.93311182483491,47.7530229714238,St. Nikolaus
8.95359107247327,49.9624426097256,Evangelische Kirchengemeinde Babenhausen St. Nikolaus
8.96375448874172,48.2555313422187,St. Nikolauskirche
8.96713747642173,50.0756630924989,St. Nikolaus Kindergarten
8.96816418875273,50.0765963979892,St. Nikolaus
8.97150842334361,48.1868642622175,St. Nikolaus Kirche
9.037335086883,48.0833475478019,St. Nikolaus
9.06576187900028,47.715894640012,St. Nikolaus
9.10303986731088,51.484704291842,St. Nikolaus
9.11119812051712,51.8045659902559,Pfarrkirche St. Nikolaus
9.13611399693989,49.5826365420701,St. Wendelin und St. Nikolaus
9.15373397541243,47.7381831013462,St. Nikolaus
9.15788382496536,47.7383251722506,St. Nikolaus
9.16040432522431,47.7671855751506,St. Nikolaus Münster
9.16101060161882,47.7675370178044,Pfarrzentrum St. Nikolaus
9.16356876037516,47.9753775900245,St. Nikolaus
9.16382210368755,47.9755389753259,St. Nikolaus
9.19568228564715,48.7876476327208,St. Nikolauskirche
9.1991823058346,48.004921162326,St. Nikolaus
9.20429113733416,49.9663556055414,St. Nikolaus
9.21244453892765,48.179024490451,Sankt Nikolaus
9.2707964051741,48.2552270266187,St. Nikolaus Kirche
9.27971559295595,48.8856384913399,Sankt Nikolaus und Barbara
9.29267187193098,48.0733077167263,St. Nikolaus
9.32934986612006,53.8613890641177,St. Nikolaus Kirche
9.39127417938164,47.7206758485609,Sankt Nikolaus
9.43258148025559,48.3219303324339,Pfarrkirche St. Nikolaus
9.44089893657877,51.2734710937792,St. Nikolaus von Flüe
9.4636352850383,48.6139143990255,St. Nikolaus von der Flüe
9.47228625744697,47.6844991233022,Sankt Nikolaus
9.47476099875606,48.0633491282979,St. Nikolaus
9.47968392762989,47.6502213728645,St. Nikolaus
9.49169556872683,50.52040282882,St. Nikolaus
9.51831816754474,53.009561066403,St. Nikolaus-Kapelle
9.55417935428289,52.0773605673709,St. Nikolaus
9.59818252443947,47.2381210894158,Dom St. Nikolaus
9.73325708482341,47.5665309725369,St. Nikolaus
9.73443223251615,50.5910187001345,St. Nikolaus
9.74705078648145,47.2008179719086,Sankt Nikolaus Kapelle
9.75013339218943,49.0998970329906,Stiftskirche St. Nikolaus
9.78009039841557,48.2850553700415,St. Nikolaus
9.78875579930191,47.8363203907293,St. Nikolaus
9.81586528106173,48.8291881432978,St. Nikolauskirche
9.81623897282509,51.7216226818923,Kapelle St. Nikolaus
9.81887657320213,47.6801813314804,St. Nikolaus-Kapelle am Sattel
9.82908307965639,49.7586284379953,Sankt Nikolaus
9.83094116430667,47.9052022523726,Sankt Nikolaus
9.85320557545894,48.3295188721582,Sankt Nikolaus
9.88270847414328,48.8616268945606,St. Nikolaus
9.88325399859137,47.600228616419,St. Nikolaus Kindergarten
9.93388706616728,49.7822963479214,Seniorenheim St. Nikolaus
9.94627427724235,49.6543010453716,Kindergarten St. Nikolaus
9.94945304021017,49.6108723234113,St. Nikolaus
9.95272363784372,52.1143542988197,Sankt Nikolaus
9.9683263596693,52.1727508139386,Grundschule Sankt Nikolaus
9.9778650771953,51.5615714085075,St. Nikolaus
9.9809347392154,47.8215029891079,Sankt Nikolaus
9.98243863430807,49.7775733219085,Pfarrkirche St. Nikolaus
9.98835073548151,51.5634052628734,Sporthalle Nikolausberg
9.99998144218555,49.724416919206,St. Nikolaus
10.0051570369383,48.3885926927376,kath. Kindergarten St. Nikolaus
10.0056199074775,48.388712649457,kath. Kindergarten St. Nikolaus
10.0135064890255,51.2962174489758,St. Nikolaus
10.014605591494,49.7070314423061,Sankt Nikolaus
10.0434942539152,53.5603314814903,Sankt-Nikolaus-Kirche
10.0853062099546,52.1513156364895,Sankt Nikolaus
10.0993856538543,50.28561469845,St. Nikolaus
10.1066867344989,48.3975612964142,St. Nikolaus Kirche
10.1221426139876,47.9213583361388,St. Nikolaus
10.1255019850316,48.4298324461621,Sankt Nikolaus
10.1315356172838,54.3224964530492,Propsteikirche St. Nikolaus
10.1520854551381,48.3162514824721,St. Nikolaus
10.1550277934708,50.0412504222956,St. Nikolaus
10.185152814843,46.9668823294006,St. Nikolaus
10.1967853421069,49.3286269081705,St. Nikolaus
10.2048750647595,48.8240374428854,St.Nikolaus
10.2083787527153,47.5636319517353,St. Nikolaus
10.2199447589049,47.5595319046995,Sankt Nikolaus
10.2207808562314,47.5602478471452,Sankt- Nikolaus-Platz
10.235531453585,50.3303961901189,Sankt Nikolaus
10.2391284363491,50.3295845985078,Sankt Nikolaus
10.2588381512286,49.8734483476775,Sankt Nikolaus
10.2659984056364,48.0065680864125,Kindergarten St. Nikolaus
10.2722640485416,49.0309965341969,St.-Nikolaus-Kirche
10.2737118515952,47.690152055831,Sankt Nikolaus
10.2749001501161,51.2178707420997,St. Nikolaus
10.2913378413203,47.0115882139972,Sankt Nikolaus
10.3186606028216,48.0575795373426,St. Nikolaus
10.3225601275989,47.6008142020259,St. Nikolaus
10.3384586707651,51.8046927642356,St. Nikolaus
10.3394908534803,49.3782828157865,St. Nikolaus
10.3398687330653,49.4138183964665,St. Nikolaus
10.3515174117182,47.6598316222779,Sankt Nikolaus
10.4202633858301,47.8508112494805,St. Nikolaus
10.4342631439355,52.3524656822575,St. Nikolaus
10.438905146525,47.2905225449892,Pfarrkirche St. Nikolaus
10.4582404443432,49.2609030551718,KiGa St. Nikolaus
10.463861916135,46.6444500094624,St. Nikolaus
10.4703247816139,49.0501165412512,St. Nikolaus
10.4712329057539,47.924808872969,Sankt Nikolaus
10.4945084329664,48.3840213584861,Kindergarten Sankt Nikolaus
10.5074598965234,47.7717266456317,Sankt Nikolaus
10.5131104146798,47.1408503920745,St. Nikolaus Kirche
10.5169498838601,47.4992491563124,St. Nikolaus
10.5242601778475,49.0212828271457,St. Nikolaus-Kirche
10.552444812606,47.9200683123789,St. Nikolaus
10.5574824240638,47.5858724109641,St. Nikolaus
10.5576731226937,47.7230420778384,St. Nikolaus
10.558656870776,47.5968977258211,Kindergarten St. Nikolaus
10.5789966277014,46.7216260902867,St. Nikolaus
10.581145201874,50.5726467098635,St. Nikolaus
10.5856891421636,47.8061275428385,St. Nikolaus
10.5943754364405,50.433599044984,St. Nikolaus u. St. Margarethe
10.5990957041271,50.3713756029674,St. Nikolaus
10.6099800287974,47.9165114783935,St. Nikolaus
10.6231820373316,47.5745716906493,Sankt Nikolaus
10.6713497211146,48.0398611852444,St. Nikolaus
10.6998027994892,47.5690504714986,Krippkirche St. Nikolaus
10.7099982597233,48.9208551882206,St. Nikolaus
10.7181205958693,47.9625812724591,St. Nikolaus
10.7492587857632,47.8994615968724,St. Nikolaus
10.7686283006082,48.2268484376976,Kindertagesstätte St. Nikolaus
10.7741560650962,47.9932684571421,St. Nikolaus
10.7774317547677,46.6278537886846,Bürgerheim St. Nikolaus von der Flüe
10.7777935867397,47.7361795565913,Pfarrkirche St. Nikolaus
10.7819774877157,48.2286357761971,St. Nikolaus
10.8074897829059,48.6118164888176,St. Nikolaus
10.8161140884621,46.6254029779708,St. Nikolaus
10.816805680831,48.3832073479301,Sankt Nikolaus von Flüe
10.8233044974826,50.0213426956876,Kindergarten St. Nikolaus
10.8262827893954,50.0208442418938,Pfarr- und Jugendheim St. Nikolaus
10.8274697846729,50.0202628604193,St. Nikolaus
10.8435505118451,48.3644441458591,St.-Nikolaus-Kirche
10.8514667916298,47.3079287241152,St. Nikolaus Kirche
10.8537383613044,50.7019889606846,St. Nikolaus
10.8851057934887,49.9678007939655,St. Nikolaus
10.8877680404847,49.8864506061908,Sankt Nikolaus
10.9070853751459,49.0931175839505,St. Nikolaus
10.9261457962985,49.1754578460525,Sankt Nikolaus
10.9274440073518,48.0034092181572,Sankt Nikolaus
10.9522054697967,49.4659614988524,St. Nikolaus
10.9524977236133,49.4660308787931,St. Nikolaus - Gemeindehaus
10.9569001993191,48.6161899294134,Sankt Nikolaus
10.9580023017931,48.6169294255457,Sankt Nikolaus
10.9660704175627,50.2510414714729,Kapelle St. Nikolaus
10.9721300579648,50.9532113453258,St. Nikolaus (Schmira)
10.9747341697839,46.6352407383096,St. Nikolaus
10.9861903308622,49.1064974424949,St. Nikolaus
11.0032682265892,48.6235228484042,Sankt Nikolaus
11.014989034353,48.389678282822,Sankt Nikolaus
11.0222957989005,46.4764727610656,St. Nikolaus
11.0301119357428,49.5972220376474,St. Nikolaus
11.0308945551314,49.6568957790347,St. Nikolaus
11.0397014759781,48.4028489089739,St. Nikolaus
11.0731551852851,50.9523904641044,St. Nikolaus
11.0765085594745,49.8091561335099,St. Nikolaus
11.0882137246599,47.7668237258146,Sankt Nikolaus
11.0938255567574,49.0593813450245,St. Nikolaus
11.0946544912926,47.3039214321752,St. Nikolaus
11.0998195213791,49.3551806758618,St. Nikolaus-Kirche
11.1322666282734,49.4624299345905,Sankt Nikolaus und Sankt Ulrich
11.1323983835879,49.4621230517443,evangelisches Pfarramt St. Nikolaus - St. Ulrich
11.136670578108,51.1789363704059,St. Nikolaus
11.1457428440696,46.6323876033811,Pfarrkirche St. Sebastian und Nikolaus
11.1650674818564,46.6715284181892,Pfarrkirche St. Nikolaus / Duomo S. Nicolo
11.1756882809134,47.9990622001491,Sankt Nikolaus
11.1760444523066,47.9992373361684,Sankt Nikolaus
11.1761212441006,47.9989637154649,Kath. Pfarramt St. Nikolaus
11.1836024092372,49.7796417508338,St. Nikolaus
11.1846163634904,48.9507604913029,St. Nikolaus
11.2010106326802,48.0872479300939,Sankt Nikolaus
11.2026354359816,47.6763151436725,Sankt Nikolaus
11.2075571101284,50.0410880231725,St. Nikolaus
11.2257743912412,46.6051086312974,Sankt Nikolaus
11.2545618312601,47.8993403925931,St. Nikolaus
11.2680511688262,49.0383523679643,St. Nikolaus
11.2789472342977,48.9881013802923,St. Nikolaus
11.3088954451083,48.1044487071851,St. Nikolaus
11.3280881883972,50.237212007358,St. Nikolaus
11.3460820988774,51.0761918365992,Ev. Stadtkirche St. Nikolaus und Stephanus
11.3619970462039,46.6592237331784,St. Nikolaus
11.372371689803,48.7161027261046,St. Nikolaus
11.3814571275501,47.9623362286755,St. Nikolaus
11.392750107392,47.2714055792967,Volksschule St. Nikolaus
11.3929844546757,47.2743735998459,St. Nikolaus
11.3940931148711,47.2734775794689,Fachberufsschule St. Nikolaus
11.4119739310366,49.450100230905,St. Nikolaus Wehrkirche
11.4179216439522,48.2563808499362,St. Maria und St. Nikolaus
11.4210035631847,49.2279725046473,Pfarrkirche St. Nikolaus
11.4255327428351,48.7694402778917,St. Nikolaus
11.4392532969681,46.7396318160883,St. Nikolaus
11.4566936329898,48.8073632030146,St. Nikolaus
11.458534440836,48.8086690798609,Kindergarten St. Nikolaus
11.4596625244506,47.1354130656712,Schöfener Kirche Hl. Nikolaus
11.4661941893181,48.090384361704,Pfarrzentrum Sankt Nikolaus
11.4785665645284,46.5528514105228,St. Nikolaus
11.4992784686371,47.9539556352264,St. Nikolaus
11.5067536047916,47.2815697426271,Pfarrkirche St. Nikolaus
11.5311637182831,49.936934702878,St.-Nikolaus-Kirche
11.5536003404074,48.2162519270094,Sankt Nikolaus
11.5560855020309,48.3184532232377,Sankt Nikolaus
11.5654115306981,50.8698114263635,St. Nikolauskirche
11.5713060210542,48.1403080702053,Ehemalige Karmeliterkirche St. Nikolaus
11.5871507490992,49.5269712131436,Sankt Nikolaus
11.6107902141269,47.7628336388926,St. Nikolaus
11.6162915494317,48.1926612188146,Sankt Nikolaus
11.6255078351738,48.991735555689,St. Nikolaus Kapelle
11.6298569859753,48.3840865510873,St. Nikolaus
11.6492521015569,50.8210256514398,St. Nikolaus
11.6541767420493,48.9116864944383,St. Nikolaus
11.679040873197,52.2876442396053,Sankt Nikolaus Kirche Zielitz
11.6821649060224,48.0080754436182,Caritas Kindergarten St. Nikolaus Brunnthal
11.7552605829702,46.8132108564689,St. Nikolaus
11.7579807152977,49.4407100259169,St. Nikolaus
11.7608988833635,49.4401059276241,Kindergarten St. Nikolaus
11.7751133004758,46.7393580409672,RAS Anlage St. Nikolaus-Lüsen
11.7782796059874,47.9611130841432,St. Nikolaus
11.7884485174086,48.1420704151499,St. Nikolaus
11.8465881510406,48.3032156125678,St. Nikolaus
11.8511996454768,48.6993701767777,St. Nikolaus
11.8568822808538,49.97665150138,Kindergarten St. Nikolaus
11.8603546337005,52.6003764577717,Dom Sankt Nikolaus
11.8626708286201,46.8150245690244,St. Nikolaus
11.8706549770349,48.1889131089546,St. Nikolaus Kindergarten
11.8936482332526,47.4491579815247,Pfarrkirche St. Nikolaus
11.9234551839537,46.7970729144835,St. Nikolaus
11.9375129055458,48.2123363998435,St. Nikolaus
11.9670755709772,48.5863885829292,St. Nikolaus
11.9945837619021,50.1281027783159,Sankt Nikolaus Kirche
12.0322678474241,51.4771696640099,St. Nikolaus
12.0432657880623,48.9578636052709,St. Nikolaus
12.1163050728419,47.8018750018574,Sankt Nikolaus
12.1168798645438,47.8041304614012,St. Nikolaus
12.1282308387915,47.8557413942043,St. Nikolaus
12.1288218727126,47.8607696771918,St. Nikolaus
12.1564139458339,48.5370619651559,St. Nikolaus
12.1688769084702,48.4492733539366,St. Nikolaus
12.2758014876163,48.7820408716637,Sankt Nikolaus
12.2856907054749,48.5800444243435,St. Nikolaus
12.3031259324874,49.0913292509125,Kath. Kindergarten St. Nikolaus
12.3284260369919,47.9542449520589,St. Nikolaus
12.3288287800459,48.6940154675042,St. Martin und Nikolaus
12.3483144439506,48.442852009064,St. Nikolaus
12.4314663842239,49.8116144544508,St. Nikolaus
12.4794297806815,47.8204801077915,St. Nikolaus
12.4900516487234,48.9633176024194,St. Nikolaus Pondorf
12.4904101918129,48.9636121231604,St. Nikolaus Pondorf
12.490903492548,49.9319207172438,Sankt Nikolaus
12.5272387780646,48.2408750863159,St. Nikolaus
12.5518369000353,48.0503949361241,Sankt Nikolaus
12.5905617542535,49.0068058829343,Kindergarten St. Nikolaus
12.7502649169237,49.0870594744967,Pfarrkirche St. Nikolaus
12.7540448037188,49.085126948134,Kindergarten Sankt Nikolaus
12.7754184739325,48.1932506124799,St. Nikolaus
12.7807980422955,47.7677137883659,St. Nikolaus
12.8743961469284,47.7201491780514,St. Nikolaus
12.8757161975425,47.7182589144407,Kindergarten St. Nikolaus
12.8949424361289,47.7220129355823,St. Nikolaus von der Flüe
12.900690976102,48.481880949942,Pfarrkirche Sankt Nikolaus
12.9278008458639,48.8950546838774,St. Nikolaus
12.9325410725306,49.1526798203651,St.Nikolaus
12.9433589183775,47.9396801716497,Stadtpfarrkirche St. Nikolaus
13.0013941707962,47.3782487902676,Sankt Nikolaus
13.0472450123207,47.6953364941519,Pfarrkirche St. Nikolaus
13.0477416681817,48.8134663499899,Sankt Nikolaus
13.2224088257075,47.9459259822959,Seniorenwohnhaus St.Nikolaus
13.233740949741,49.0151389844969,Sankt Nikolaus
13.2758300673208,53.5548154346958,Kinderhaus St. - Nikolaus
13.4078248021727,52.3293255859459,St. Nikolaus
13.6230584470213,47.7117224251714,St. Nikolaus
14.6618501643853,47.1681944498971,St. Nikolaus - Stadtpfarrkirche
15.4777661806829,47.285739660253,St. Nikolaus
15.8877836429786,48.6673528087315,Pfarrkirche Sankt Nikolaus
15.8995320500032,48.7388834686928,St. Nikolaus und Urban
16.0039735118711,48.3068984085837,Sankt Nikolaus
16.2304638836491,48.4990233270287,St. Nikolaus
16.3470506646973,48.1503635224043,St. Nikolaus
16.4443790867847,48.5243751226219,St. Nikolaus
16.4913267309263,48.720898555522,St. Nikolaus
16.5320227081163,48.4490216409608,St. Nikolaus
16.5364508610227,48.6710035374319,St. Nikolaus
16.6361593491245,48.373446248924,Pfarrhof Pfarre St. Nikolaus
16.6364684300342,48.3733018733858,Pfarrheim Pfarre St. Nikolaus
16.6368228958108,48.3734742156065,Pfarrkirche St. Nikolaus
16.6444126920765,48.5875420485543,St. Nikolaus
16.7956605588187,48.6476318261298,St. Nikolaus
16.8052372766354,48.1129817339231,St. Nikolaus
19.968696871081,54.5511146840215,"Balga, St.Nikolaus"
